IDP;Model;Capacity;Color;Grade;Last purchase price in USD;Floor Price 
31180;iPhone 6S;16;Silver;Grade C;$126.47;120.77 
74815;iPhone 6S;32;Silver;Grade C;$150.98;142.46 
33291;iPhone 6S;64;Silver;Grade C;$173.53;162.42 
43918;iPhone 6S;128;Silver;Grade C;$186.27;173.69 
31182;iPhone 6S;16;Pink;Grade C;$126.47;120.77 
74805;iPhone 6S;32;Pink;Grade C;$150.98;142.46 
33316;iPhone 6S;64;Pink;Grade C;$173.53;162.42 
43903;iPhone 6S;128;Pink;Grade C;$186.27;173.69 
30743;iPhone 6S;16;Gold;Grade C;$126.47;120.77 
74810;iPhone 6S;32;Gold;Grade C;$150.98;142.46 
33280;iPhone 6S;64;Gold;Grade C;$173.53;162.42 
43932;iPhone 6S;128;Gold;Grade C;$186.27;173.69 
31178;iPhone 6S;16;Grey;Grade C;$126.47;120.77 
74798;iPhone 6S;32;Grey;Grade C;$150.98;142.46 
33259;iPhone 6S;64;Grey;Grade C;$173.53;162.42 
43914;iPhone 6S;128;Grey;Grade C;$186.27;173.69 
26387;iPhone 6S;16;Silver;Grade D;$126.47;120.77 
74816;iPhone 6S;32;Silver;Grade D;$150.98;142.46 
33293;iPhone 6S;64;Silver;Grade D;$173.53;162.42 
43919;iPhone 6S;128;Silver;Grade D;$186.27;173.69 
31253;iPhone 6S;16;Pink;Grade D;$126.47;120.77 
74806;iPhone 6S;32;Pink;Grade D;$150.98;142.46 
33318;iPhone 6S;64;Pink;Grade D;$173.53;162.42 
43904;iPhone 6S;128;Pink;Grade D;$186.27;173.69 
31013;iPhone 6S;16;Gold;Grade D;$126.47;120.77 
74811;iPhone 6S;32;Gold;Grade D;$150.98;142.46 
33283;iPhone 6S;64;Gold;Grade D;$173.53;162.42 
43934;iPhone 6S;128;Gold;Grade D;$186.27;173.69 
31214;iPhone 6S;16;Grey;Grade D;$126.47;120.77 
74799;iPhone 6S;32;Grey;Grade D;$150.98;142.46 
33265;iPhone 6S;64;Grey;Grade D;$173.53;162.42 
43915;iPhone 6S;128;Grey;Grade D;$186.27;173.69 
26386;iPhone 6S;16;Silver;Grade B;$146.08;138.12 
74814;iPhone 6S;32;Silver;Grade B;$171.84;160.92 
38582;iPhone 6S;64;Silver;Grade B;$193.14;179.77 
43917;iPhone 6S;128;Silver;Grade B;$205.88;191.04 
31252;iPhone 6S;16;Pink;Grade B;$146.08;138.12 
74803;iPhone 6S;32;Pink;Grade B;$170.59;159.81 
33310;iPhone 6S;64;Pink;Grade B;$193.14;179.77 
43901;iPhone 6S;128;Pink;Grade B;$205.88;191.04 
38975;iPhone 6S;16;Gold;Grade B;$146.08;138.12 
74809;iPhone 6S;32;Gold;Grade B;$170.59;159.81 
39252;iPhone 6S;64;Gold;Grade B;$193.14;179.77 
43933;iPhone 6S;128;Gold;Grade B;$205.88;191.04 
31208;iPhone 6S;16;Grey;Grade B;$146.08;138.12 
74797;iPhone 6S;32;Grey;Grade B;$170.59;159.81 
41182;iPhone 6S;64;Grey;Grade B;$193.14;179.77 
43913;iPhone 6S;128;Grey;Grade B;$205.88;191.04 
7207;iPhone 6S;16;Silver;Grade A;$176.64;165.17 
74813;iPhone 6S;32;Silver;Grade A;$200.64;186.41 
33289;iPhone 6S;64;Silver;Grade A;$222.55;205.80 
51805;iPhone 6S;128;Silver;Grade A;$235.20;216.99 
31261;iPhone 6S;16;Pink;Grade A;$175.49;164.15 
74802;iPhone 6S;32;Pink;Grade A;$200.64;186.41 
37356;iPhone 6S;64;Pink;Grade A;$222.55;205.80 
51808;iPhone 6S;128;Pink;Grade A;$235.29;217.07 
31009;iPhone 6S;16;Gold;Grade A;$175.42;164.09 
74808;iPhone 6S;32;Gold;Grade A;$200.64;186.41 
49225;iPhone 6S;64;Gold;Grade A;$222.55;205.80 
51204;iPhone 6S;128;Gold;Grade A;$235.20;216.99 
33282;iPhone 6S;16;Grey;Grade A;$175.42;164.09 
74795;iPhone 6S;32;Grey;Grade A;$200.00;185.84 
51806;iPhone 6S;64;Grey;Grade A;$222.55;205.80 
51807;iPhone 6S;128;Grey;Grade A;$235.20;216.99 
16271;iPhone 4S;8;White;Grade C;$45.00;48.67 
7064;iPhone 4S;16;White;Grade C;$28.80;34.34 
19575;iPhone 4S;32;White;Grade C;$35.52;40.28 
27996;iPhone 4S;8;Black;Grade C;$24.00;30.09 
7127;iPhone 4S;16;Black;Grade C;$28.80;34.34 
19571;iPhone 4S;32;Black;Grade C;$35.52;40.28 
20485;iPhone 4S;8;White;Grade D;$45.00;48.67 
30501;iPhone 4S;16;White;Grade D;$28.80;34.34 
19588;iPhone 4S;32;White;Grade D;$35.52;40.28 
29398;iPhone 4S;8;Black;Grade D;$24.00;30.09 
37573;iPhone 4S;16;Black;Grade D;$28.80;34.34 
19584;iPhone 4S;32;Black;Grade D;$35.52;40.28 
20484;iPhone 4S;8;White;Grade B;$28.80;34.34 
19371;iPhone 4S;16;White;Grade B;$28.80;34.34 
7056;iPhone 4S;32;White;Grade B;$35.52;40.28 
16270;iPhone 4S;8;Black;Grade B;$24.00;30.09 
19367;iPhone 4S;16;Black;Grade B;$28.80;34.34 
7749;iPhone 4S;32;Black;Grade B;$35.52;40.28 
20483;iPhone 4S;8;White;Grade A;;8.85 
19370;iPhone 4S;16;White;Grade A;$28.80;34.34 
19586;iPhone 4S;32;White;Grade A;;8.85 
19374;iPhone 4S;8;Black;Grade A;$50.00;53.10 
19648;iPhone 4S;16;Black;Grade A;$51.00;53.98 
19582;iPhone 4S;32;Black;Grade A;;8.85 
7040;iPhone 4;8;White;Grade C;$8.64;16.50 
7088;iPhone 4;16;White;Grade C;$14.40;21.59 
7072;iPhone 4;8;Black;Grade C;$8.64;16.50 
7750;iPhone 4;16;Black;Grade C;$14.40;21.59 
19364;iPhone 4;8;White;Grade D;$8.64;16.50 
20496;iPhone 4;16;White;Grade D;$14.40;21.59 
19580;iPhone 4;8;Black;Grade D;$8.64;16.50 
30512;iPhone 4;16;Black;Grade D;$14.40;21.59 
20495;iPhone 4;8;White;Grade B;$8.64;16.50 
20497;iPhone 4;16;White;Grade B;$14.40;21.59 
19579;iPhone 4;8;Black;Grade B;$8.64;16.50 
19351;iPhone 4;16;Black;Grade B;$14.40;21.59 
19644;iPhone 4;8;White;Grade A;;8.85 
19354;iPhone 4;16;White;Grade A;;8.85 
19358;iPhone 4;8;Black;Grade A;;8.85 
19350;iPhone 4;16;Black;Grade A;;8.85 
13454;iPhone 6;16;Grey;Grade C;$102.94;99.95 
74972;iPhone 6;32;Grey;Grade C;$107.84;104.28 
15958;iPhone 6;64;Grey;Grade C;$117.65;112.96 
15053;iPhone 6;128;Grey;Grade C;$127.45;121.64 
13455;iPhone 6;16;Silver;Grade C;$102.94;99.95 
15956;iPhone 6;64;Silver;Grade C;$117.65;112.96 
15047;iPhone 6;128;Silver;Grade C;$127.45;121.64 
29527;iPhone 6;16;Gold;Grade C;$102.94;99.95 
74995;iPhone 6;32;Gold;Grade C;$107.84;104.28 
15962;iPhone 6;64;Gold;Grade C;$117.65;112.96 
15057;iPhone 6;128;Gold;Grade C;$127.45;121.64 
68703;iPhone 6;16;Grey;Grade D;$102.94;99.95 
74982;iPhone 6;32;Grey;Grade D;$107.84;104.28 
19519;iPhone 6;64;Grey;Grade D;$117.65;112.96 
19495;iPhone 6;128;Grey;Grade D;$127.45;121.64 
19515;iPhone 6;16;Silver;Grade D;$102.94;99.95 
19527;iPhone 6;64;Silver;Grade D;$117.65;112.96 
19503;iPhone 6;128;Silver;Grade D;$127.45;121.64 
19510;iPhone 6;16;Gold;Grade D;$102.94;99.95 
74996;iPhone 6;32;Gold;Grade D;$107.84;104.28 
19523;iPhone 6;64;Gold;Grade D;$117.65;112.96 
19499;iPhone 6;128;Gold;Grade D;$127.45;121.64 
58245;iPhone 6;16;Grey;Grade B;$117.65;112.96 
74970;iPhone 6;32;Grey;Grade B;$122.55;117.30 
19518;iPhone 6;64;Grey;Grade B;$132.35;125.97 
37377;iPhone 6;128;Grey;Grade B;$148.80;140.53 
19512;iPhone 6;16;Silver;Grade B;$117.65;112.96 
19526;iPhone 6;64;Silver;Grade B;$132.35;125.97 
19502;iPhone 6;128;Silver;Grade B;$142.16;134.65 
13466;iPhone 6;16;Gold;Grade B;$117.65;112.96 
74994;iPhone 6;32;Gold;Grade B;$129.60;123.54 
19521;iPhone 6;64;Gold;Grade B;$132.35;125.97 
19498;iPhone 6;128;Gold;Grade B;$142.16;134.65 
19276;iPhone 6;16;Grey;Grade A;$132.30;125.93 
17536;iPhone 6;32;Grey;Grade A;$144.00;136.28 
19517;iPhone 6;64;Grey;Grade A;$147.06;138.99 
19493;iPhone 6;128;Grey;Grade A;$156.80;147.61 
37363;iPhone 6;16;Silver;Grade A;$124.80;119.29 
19525;iPhone 6;64;Silver;Grade A;$147.06;138.99 
19501;iPhone 6;128;Silver;Grade A;$156.80;147.61 
19508;iPhone 6;16;Gold;Grade A;$124.80;119.29 
74993;iPhone 6;32;Gold;Grade A;$144.00;136.28 
52063;iPhone 6;64;Gold;Grade A;$148.80;140.53 
19497;iPhone 6;128;Gold;Grade A;$148.80;140.53 
6988;iPhone 5;16;White;Grade C;$44.12;47.89 
27941;iPhone 5;32;White;Grade C;$49.02;52.23 
34827;iPhone 5;64;White;Grade C;$53.92;56.57 
6987;iPhone 5;16;Black;Grade C;$44.12;47.89 
16059;iPhone 5;32;Black;Grade C;$49.02;52.23 
35566;iPhone 5;64;Black;Grade C;$53.92;56.57 
30011;iPhone 5;16;White;Grade D;$44.12;47.89 
19392;iPhone 5;32;White;Grade D;$49.02;52.23 
38298;iPhone 5;64;White;Grade D;$52.80;55.58 
19380;iPhone 5;16;Black;Grade D;$44.12;47.89 
19388;iPhone 5;32;Black;Grade D;$49.02;52.23 
46011;iPhone 5;64;Black;Grade D;$53.92;56.57 
19383;iPhone 5;16;White;Grade B;$49.02;52.23 
16058;iPhone 5;32;White;Grade B;$53.92;56.57 
38297;iPhone 5;64;White;Grade B;$58.82;60.90 
19379;iPhone 5;16;Black;Grade B;$49.02;52.23 
19387;iPhone 5;32;Black;Grade B;$53.92;56.57 
46008;iPhone 5;64;Black;Grade B;$57.60;59.82 
19382;iPhone 5;16;White;Grade A;$53.92;56.57 
19390;iPhone 5;32;White;Grade A;$57.60;59.82 
51582;iPhone 5;64;White;Grade A;;8.85 
19633;iPhone 5;16;Black;Grade A;$86.00;84.96 
19386;iPhone 5;32;Black;Grade A;$95.00;92.92 
51581;iPhone 5;64;Black;Grade A;;8.85 
16658;iPhone 5C;8;White;Grade C;$39.22;43.56 
13429;iPhone 5C;16;White;Grade C;$49.02;52.23 
16053;iPhone 5C;32;White;Grade C;$49.02;52.23 
16654;iPhone 5C;8;Blue;Grade C;$39.22;43.56 
13416;iPhone 5C;16;Blue;Grade C;$49.02;52.23 
16052;iPhone 5C;32;Blue;Grade C;$49.02;52.23 
17844;iPhone 5C;8;Green;Grade C;$39.22;43.56 
13413;iPhone 5C;16;Green;Grade C;$49.02;52.23 
16055;iPhone 5C;32;Green;Grade C;$49.02;52.23 
16656;iPhone 5C;8;Yellow;Grade C;$39.22;43.56 
13405;iPhone 5C;16;Yellow;Grade C;$49.02;52.23 
16054;iPhone 5C;32;Yellow;Grade C;$49.02;52.23 
28674;iPhone 5C;8;Pink;Grade C;$39.22;43.56 
13391;iPhone 5C;16;Pink;Grade C;$49.02;52.23 
16056;iPhone 5C;32;Pink;Grade C;$49.02;52.23 
19436;iPhone 5C;8;White;Grade D;$39.22;43.56 
53140;iPhone 5C;16;White;Grade D;$49.02;52.23 
19416;iPhone 5C;32;White;Grade D;$49.02;52.23 
19440;iPhone 5C;8;Blue;Grade D;$39.22;43.56 
30506;iPhone 5C;16;Blue;Grade D;$49.02;52.23 
30514;iPhone 5C;32;Blue;Grade D;$49.02;52.23 
19454;iPhone 5C;8;Green;Grade D;$39.22;43.56 
30511;iPhone 5C;16;Green;Grade D;$49.02;52.23 
19432;iPhone 5C;32;Green;Grade D;$49.02;52.23 
19445;iPhone 5C;8;Yellow;Grade D;$39.22;43.56 
19404;iPhone 5C;16;Yellow;Grade D;$49.02;52.23 
19424;iPhone 5C;32;Yellow;Grade D;$49.02;52.23 
19449;iPhone 5C;8;Pink;Grade D;$39.22;43.56 
30510;iPhone 5C;16;Pink;Grade D;$49.02;52.23 
30515;iPhone 5C;32;Pink;Grade D;$49.02;52.23 
19435;iPhone 5C;8;White;Grade B;$43.20;47.08 
19395;iPhone 5C;16;White;Grade B;$52.80;55.58 
19415;iPhone 5C;32;White;Grade B;$49.02;52.23 
19439;iPhone 5C;8;Blue;Grade B;$39.22;43.56 
19399;iPhone 5C;16;Blue;Grade B;$52.80;55.58 
19419;iPhone 5C;32;Blue;Grade B;$49.02;52.23 
16657;iPhone 5C;8;Green;Grade B;$39.22;43.56 
19411;iPhone 5C;16;Green;Grade B;$52.80;55.58 
19430;iPhone 5C;32;Green;Grade B;$49.02;52.23 
19444;iPhone 5C;8;Yellow;Grade B;$43.20;47.08 
19403;iPhone 5C;16;Yellow;Grade B;$52.80;55.58 
19423;iPhone 5C;32;Yellow;Grade B;$64.32;65.77 
16655;iPhone 5C;8;Pink;Grade B;$43.20;47.08 
29528;iPhone 5C;16;Pink;Grade B;$52.80;55.58 
19427;iPhone 5C;32;Pink;Grade B;$49.02;52.23 
19434;iPhone 5C;8;White;Grade A;$85.00;84.07 
19394;iPhone 5C;16;White;Grade A;$124.80;119.29 
19414;iPhone 5C;32;White;Grade A;$96.00;93.81 
19438;iPhone 5C;8;Blue;Grade A;$85.00;84.07 
19655;iPhone 5C;16;Blue;Grade A;$86.00;84.96 
19418;iPhone 5C;32;Blue;Grade A;$96.00;93.81 
24563;iPhone 5C;8;Green;Grade A;$85.00;84.07 
21021;iPhone 5C;16;Green;Grade A;$90.00;88.50 
24242;iPhone 5C;32;Green;Grade A;$100.00;97.35 
19442;iPhone 5C;8;Yellow;Grade A;$85.00;84.07 
19402;iPhone 5C;16;Yellow;Grade A;$90.00;88.50 
19422;iPhone 5C;32;Yellow;Grade A;$96.00;93.81 
19447;iPhone 5C;8;Pink;Grade A;$85.00;84.07 
19664;iPhone 5C;16;Pink;Grade A;$90.00;88.50 
19426;iPhone 5C;32;Pink;Grade A;$96.00;93.81 
9661;iPhone 5S;16;Grey;Grade C;$53.92;56.57 
15945;iPhone 5S;32;Grey;Grade C;$58.82;60.90 
16273;iPhone 5S;64;Grey;Grade C;$63.73;65.25 
9660;iPhone 5S;16;Silver;Grade C;$53.92;56.57 
16051;iPhone 5S;32;Silver;Grade C;$58.82;60.90 
16272;iPhone 5S;64;Silver;Grade C;$63.73;65.25 
9659;iPhone 5S;16;Gold;Grade C;$53.92;56.57 
15952;iPhone 5S;32;Gold;Grade C;$58.82;60.90 
16443;iPhone 5S;64;Gold;Grade C;$63.73;65.25 
19458;iPhone 5S;16;Grey;Grade D;$53.92;56.57 
19474;iPhone 5S;32;Grey;Grade D;$58.82;60.90 
30502;iPhone 5S;64;Grey;Grade D;$63.73;65.25 
30516;iPhone 5S;16;Silver;Grade D;$53.92;56.57 
19483;iPhone 5S;32;Silver;Grade D;$58.82;60.90 
19491;iPhone 5S;64;Silver;Grade D;$63.73;65.25 
30505;iPhone 5S;16;Gold;Grade D;$53.92;56.57 
19479;iPhone 5S;32;Gold;Grade D;$58.82;60.90 
19487;iPhone 5S;64;Gold;Grade D;$63.73;65.25 
19457;iPhone 5S;16;Grey;Grade B;$83.33;82.59 
19473;iPhone 5S;32;Grey;Grade B;$83.33;82.59 
30503;iPhone 5S;64;Grey;Grade B;$100.80;98.05 
20481;iPhone 5S;16;Silver;Grade B;$83.33;82.59 
19482;iPhone 5S;32;Silver;Grade B;$83.33;82.59 
19490;iPhone 5S;64;Silver;Grade B;$101.00;98.23 
19461;iPhone 5S;16;Gold;Grade B;$83.33;82.59 
19477;iPhone 5S;32;Gold;Grade B;$83.33;82.59 
19486;iPhone 5S;64;Gold;Grade B;$100.80;98.05 
19658;iPhone 5S;16;Grey;Grade A;$100.80;98.05 
30513;iPhone 5S;64;Grey;Grade A;$115.00;110.62 
19466;iPhone 5S;16;Silver;Grade A;$100.80;98.05 
19481;iPhone 5S;32;Silver;Grade A;$100.80;98.05 
19489;iPhone 5S;64;Silver;Grade A;$81.60;81.06 
23863;iPhone 5S;16;Gold;Grade A;$100.80;98.05 
26776;iPhone 5S;32;Gold;Grade A;$98.00;95.58 
19485;iPhone 5S;64;Gold;Grade A;$115.20;110.80 
48247;iPhone SE;16;Grey;Grade C;$88.24;86.94 
48254;iPhone SE;32;Grey;Grade C;$98.04;95.61 
48273;iPhone SE;64;Grey;Grade C;$102.94;99.95 
71987;iPhone SE;128;Grey;Grade C;$112.75;108.63 
48286;iPhone SE;16;Pink;Grade C;$88.24;86.94 
48258;iPhone SE;32;Pink;Grade C;$98.04;95.61 
48245;iPhone SE;64;Pink;Grade C;$102.94;99.95 
71997;iPhone SE;128;Pink;Grade C;$112.75;108.63 
48272;iPhone SE;16;Silver;Grade C;$88.24;86.94 
48262;iPhone SE;32;Silver;Grade C;$98.04;95.61 
48281;iPhone SE;64;Silver;Grade C;$102.94;99.95 
72007;iPhone SE;128;Silver;Grade C;$112.75;108.63 
48278;iPhone SE;16;Gold;Grade C;$88.24;86.94 
48251;iPhone SE;32;Gold;Grade C;$98.04;95.61 
48267;iPhone SE;64;Gold;Grade C;$102.94;99.95 
72002;iPhone SE;128;Gold;Grade C;$112.75;108.63 
48250;iPhone SE;16;Grey;Grade D;$88.24;86.94 
48255;iPhone SE;32;Grey;Grade D;$98.04;95.61 
48274;iPhone SE;64;Grey;Grade D;$102.94;99.95 
71986;iPhone SE;128;Grey;Grade D;$112.75;108.63 
48287;iPhone SE;16;Pink;Grade D;$88.24;86.94 
48259;iPhone SE;32;Pink;Grade D;$98.04;95.61 
48248;iPhone SE;64;Pink;Grade D;$102.94;99.95 
71996;iPhone SE;128;Pink;Grade D;$112.75;108.63 
48275;iPhone SE;16;Silver;Grade D;$88.24;86.94 
48263;iPhone SE;32;Silver;Grade D;$98.04;95.61 
48283;iPhone SE;64;Silver;Grade D;$100.80;98.05 
72006;iPhone SE;128;Silver;Grade D;$112.75;108.63 
48282;iPhone SE;16;Gold;Grade D;$88.24;86.94 
48252;iPhone SE;32;Gold;Grade D;$98.04;95.61 
48268;iPhone SE;64;Gold;Grade D;$102.94;99.95 
72001;iPhone SE;128;Gold;Grade D;$112.75;108.63 
48243;iPhone SE;16;Grey;Grade B;$93.14;91.27 
48253;iPhone SE;32;Grey;Grade B;$117.65;112.96 
48271;iPhone SE;64;Grey;Grade B;$132.35;125.97 
71993;iPhone SE;128;Grey;Grade B;$142.16;134.65 
48285;iPhone SE;16;Pink;Grade B;$120.00;115.04 
48257;iPhone SE;32;Pink;Grade B;$129.60;123.54 
48244;iPhone SE;64;Pink;Grade B;$132.35;125.97 
71998;iPhone SE;128;Pink;Grade B;$163.20;153.27 
48269;iPhone SE;16;Silver;Grade B;$93.14;91.27 
48261;iPhone SE;32;Silver;Grade B;$124.80;119.29 
48280;iPhone SE;64;Silver;Grade B;$132.35;125.97 
72008;iPhone SE;128;Silver;Grade B;$158.40;149.03 
48277;iPhone SE;16;Gold;Grade B;$120.00;115.04 
48249;iPhone SE;32;Gold;Grade B;$117.65;112.96 
48265;iPhone SE;64;Gold;Grade B;$132.35;125.97 
72003;iPhone SE;128;Gold;Grade B;$142.16;134.65 
62177;iPhone SE;16;Grey;Grade A;$134.40;127.79 
62196;iPhone SE;32;Grey;Grade A;$132.35;125.97 
62220;iPhone SE;64;Grey;Grade A;$153.60;144.78 
71994;iPhone SE;128;Grey;Grade A;$177.60;166.02 
62180;iPhone SE;16;Pink;Grade A;$112.75;108.63 
62207;iPhone SE;32;Pink;Grade A;$144.00;136.28 
62221;iPhone SE;64;Pink;Grade A;$158.40;149.03 
71999;iPhone SE;128;Pink;Grade A;$182.40;170.27 
62195;iPhone SE;16;Silver;Grade A;$112.75;108.63 
62216;iPhone SE;32;Silver;Grade A;$139.20;132.04 
62222;iPhone SE;64;Silver;Grade A;$147.06;138.99 
72010;iPhone SE;128;Silver;Grade A;$177.60;166.02 
62189;iPhone SE;16;Gold;Grade A;$139.20;132.04 
62214;iPhone SE;32;Gold;Grade A;$144.00;136.28 
66567;iPhone SE;64;Gold;Grade A;$158.40;149.03 
72004;iPhone SE;128;Gold;Grade A;$182.40;170.27 
14600;iPhone 6 Plus;16;Grey;Grade C;$156.86;147.66 
16062;iPhone 6 Plus;64;Grey;Grade C;$161.76;152.00 
74762;iPhone 6 Plus;128;Grey;Grade C;$176.47;165.02 
19538;iPhone 6 Plus;16;Silver;Grade C;$156.86;147.66 
16061;iPhone 6 Plus;64;Silver;Grade C;$161.76;152.00 
74767;iPhone 6 Plus;128;Silver;Grade C;$176.47;165.02 
14601;iPhone 6 Plus;16;Gold;Grade C;$156.86;147.66 
16060;iPhone 6 Plus;64;Gold;Grade C;$161.76;152.00 
74757;iPhone 6 Plus;128;Gold;Grade C;$176.47;165.02 
19532;iPhone 6 Plus;16;Grey;Grade D;$137.59;130.61 
19545;iPhone 6 Plus;64;Grey;Grade D;$161.76;152.00 
74763;iPhone 6 Plus;128;Grey;Grade D;$176.47;165.02 
19540;iPhone 6 Plus;16;Silver;Grade D;$137.59;130.61 
19553;iPhone 6 Plus;64;Silver;Grade D;$161.76;152.00 
74768;iPhone 6 Plus;128;Silver;Grade D;$176.47;165.02 
26777;iPhone 6 Plus;16;Gold;Grade D;$137.59;130.61 
19549;iPhone 6 Plus;64;Gold;Grade D;$161.76;152.00 
74758;iPhone 6 Plus;128;Gold;Grade D;$176.47;165.02 
19530;iPhone 6 Plus;16;Grey;Grade B;$171.57;160.68 
19544;iPhone 6 Plus;64;Grey;Grade B;$176.47;165.02 
74761;iPhone 6 Plus;128;Grey;Grade B;$191.18;178.04 
14599;iPhone 6 Plus;16;Silver;Grade B;$171.57;160.68 
19552;iPhone 6 Plus;64;Silver;Grade B;$176.47;165.02 
74766;iPhone 6 Plus;128;Silver;Grade B;$196.80;183.01 
19535;iPhone 6 Plus;16;Gold;Grade B;$171.57;160.68 
19548;iPhone 6 Plus;64;Gold;Grade B;$176.47;165.02 
74756;iPhone 6 Plus;128;Gold;Grade B;$191.18;178.04 
37364;iPhone 6 Plus;16;Grey;Grade A;$187.20;174.51 
19543;iPhone 6 Plus;64;Grey;Grade A;$191.10;177.96 
74760;iPhone 6 Plus;128;Grey;Grade A;$205.88;191.04 
37358;iPhone 6 Plus;16;Silver;Grade A;$187.20;174.51 
19551;iPhone 6 Plus;64;Silver;Grade A;$196.80;183.01 
74765;iPhone 6 Plus;128;Silver;Grade A;$205.88;191.04 
19534;iPhone 6 Plus;16;Gold;Grade A;$187.20;174.51 
19547;iPhone 6 Plus;64;Gold;Grade A;$196.80;183.01 
74755;iPhone 6 Plus;128;Gold;Grade A;$211.20;195.75 
31177;iPhone 6s Plus;16;Grey;Grade C;$194.12;180.64 
72568;iPhone 6s Plus;32;Grey;Grade C;$230.39;212.73 
30742;iPhone 6s Plus;64;Grey;Grade C;$249.02;229.22 
43911;iPhone 6s Plus;128;Grey;Grade C;$260.78;239.63 
31179;iPhone 6s Plus;16;Pink;Grade C;$194.12;180.64 
72573;iPhone 6s Plus;32;Pink;Grade C;$230.39;212.73 
43893;iPhone 6s Plus;64;Pink;Grade C;$249.02;229.22 
43906;iPhone 6s Plus;128;Pink;Grade C;$260.78;239.63 
31107;iPhone 6s Plus;16;Silver;Grade C;$194.12;180.64 
72586;iPhone 6s Plus;32;Silver;Grade C;$230.39;212.73 
36317;iPhone 6s Plus;64;Silver;Grade C;$249.02;229.22 
43890;iPhone 6s Plus;128;Silver;Grade C;$260.78;239.63 
32491;iPhone 6s Plus;16;Gold;Grade C;$194.12;180.64 
72581;iPhone 6s Plus;32;Gold;Grade C;$230.39;212.73 
18407;iPhone 6s Plus;64;Gold;Grade C;$249.02;229.22 
43898;iPhone 6s Plus;128;Gold;Grade C;$260.78;239.63 
31199;iPhone 6s Plus;16;Grey;Grade D;$194.12;180.64 
72569;iPhone 6s Plus;32;Grey;Grade D;$230.39;212.73 
36314;iPhone 6s Plus;64;Grey;Grade D;$275.00;252.21 
43912;iPhone 6s Plus;128;Grey;Grade D;$260.78;239.63 
31192;iPhone 6s Plus;16;Pink;Grade D;$194.12;180.64 
72574;iPhone 6s Plus;32;Pink;Grade D;$230.39;212.73 
43894;iPhone 6s Plus;64;Pink;Grade D;$249.02;229.22 
43907;iPhone 6s Plus;128;Pink;Grade D;$260.78;239.63 
31185;iPhone 6s Plus;16;Silver;Grade D;$194.12;180.64 
72588;iPhone 6s Plus;32;Silver;Grade D;$230.39;212.73 
36318;iPhone 6s Plus;64;Silver;Grade D;$249.02;229.22 
43891;iPhone 6s Plus;128;Silver;Grade D;$260.78;239.63 
32495;iPhone 6s Plus;16;Gold;Grade D;$194.12;180.64 
72582;iPhone 6s Plus;32;Gold;Grade D;$230.39;212.73 
41226;iPhone 6s Plus;64;Gold;Grade D;$249.02;229.22 
43900;iPhone 6s Plus;128;Gold;Grade D;$260.78;239.63 
31197;iPhone 6s Plus;16;Grey;Grade B;$213.73;197.99 
72567;iPhone 6s Plus;32;Grey;Grade B;$250.00;230.09 
35450;iPhone 6s Plus;64;Grey;Grade B;$268.63;246.58 
43910;iPhone 6s Plus;128;Grey;Grade B;$280.39;256.98 
31187;iPhone 6s Plus;16;Pink;Grade B;$213.73;197.99 
72572;iPhone 6s Plus;32;Pink;Grade B;$250.00;230.09 
43892;iPhone 6s Plus;64;Pink;Grade B;$268.63;246.58 
43905;iPhone 6s Plus;128;Pink;Grade B;$280.39;256.98 
31183;iPhone 6s Plus;16;Silver;Grade B;$213.73;197.99 
72584;iPhone 6s Plus;32;Silver;Grade B;$249.60;229.73 
36316;iPhone 6s Plus;64;Silver;Grade B;$268.63;246.58 
43889;iPhone 6s Plus;128;Silver;Grade B;$280.39;256.98 
32493;iPhone 6s Plus;16;Gold;Grade B;$213.73;197.99 
72578;iPhone 6s Plus;32;Gold;Grade B;$249.60;229.73 
41224;iPhone 6s Plus;64;Gold;Grade B;$268.63;246.58 
43899;iPhone 6s Plus;128;Gold;Grade B;$280.39;256.98 
31244;iPhone 6s Plus;16;Grey;Grade A;$242.88;223.79 
72585;iPhone 6s Plus;32;Grey;Grade A;$278.40;255.22 
34270;iPhone 6s Plus;64;Grey;Grade A;$296.64;271.36 
51810;iPhone 6s Plus;128;Grey;Grade A;$308.16;281.56 
31254;iPhone 6s Plus;16;Pink;Grade A;$242.88;223.79 
72587;iPhone 6s Plus;32;Pink;Grade A;$278.40;255.22 
51859;iPhone 6s Plus;64;Pink;Grade A;$298.04;272.60 
51861;iPhone 6s Plus;128;Pink;Grade A;$308.16;281.56 
31256;iPhone 6s Plus;16;Silver;Grade A;$243.14;224.02 
72590;iPhone 6s Plus;32;Silver;Grade A;$278.40;255.22 
36315;iPhone 6s Plus;64;Silver;Grade A;$297.92;272.50 
51809;iPhone 6s Plus;128;Silver;Grade A;$308.16;281.56 
34269;iPhone 6s Plus;16;Gold;Grade A;$242.88;223.79 
72589;iPhone 6s Plus;32;Gold;Grade A;;8.85 
19574;iPhone 6s Plus;64;Gold;Grade A;$298.04;272.60 
48857;iPhone 6s Plus;128;Gold;Grade A;$309.80;283.01 
72624;iPhone 7 Plus;32;Black;Grade C;$365.76;332.53 
72628;iPhone 7 Plus;128;Black;Grade C;$423.36;383.50 
72626;iPhone 7 Plus;256;Black;Grade C;$452.16;408.99 
54717;iPhone 7 Plus;32;Pink;Grade C;$408.00;369.91 
54727;iPhone 7 Plus;128;Pink;Grade C;$441.60;399.65 
54746;iPhone 7 Plus;256;Pink;Grade C;$484.80;437.88 
54748;iPhone 7 Plus;32;Silver;Grade C;$369.60;335.93 
54742;iPhone 7 Plus;128;Silver;Grade C;$422.40;382.65 
54745;iPhone 7 Plus;256;Silver;Grade C;$436.80;395.40 
54725;iPhone 7 Plus;32;Jet Black;Grade C;$360.00;327.43 
54720;iPhone 7 Plus;128;Jet Black;Grade C;$422.40;382.65 
54760;iPhone 7 Plus;256;Jet Black;Grade C;$436.80;395.40 
54736;iPhone 7 Plus;32;Gold;Grade C;$365.76;332.53 
54732;iPhone 7 Plus;128;Gold;Grade C;$428.16;387.75 
54753;iPhone 7 Plus;256;Gold;Grade C;$452.16;408.99 
72629;iPhone 7 Plus;32;Black;Grade D;$365.76;332.53 
72631;iPhone 7 Plus;128;Black;Grade D;$423.36;383.50 
72632;iPhone 7 Plus;256;Black;Grade D;$452.16;408.99 
54718;iPhone 7 Plus;32;Pink;Grade D;$408.00;369.91 
54728;iPhone 7 Plus;128;Pink;Grade D;$441.60;399.65 
54750;iPhone 7 Plus;256;Pink;Grade D;$484.80;437.88 
54749;iPhone 7 Plus;32;Silver;Grade D;$369.60;335.93 
54743;iPhone 7 Plus;128;Silver;Grade D;$422.40;382.65 
54757;iPhone 7 Plus;256;Silver;Grade D;$436.80;395.40 
54729;iPhone 7 Plus;32;Jet Black;Grade D;$360.00;327.43 
54721;iPhone 7 Plus;128;Jet Black;Grade D;$422.40;382.65 
54761;iPhone 7 Plus;256;Jet Black;Grade D;$436.80;395.40 
54739;iPhone 7 Plus;32;Gold;Grade D;$365.76;332.53 
54733;iPhone 7 Plus;128;Gold;Grade D;$428.16;387.75 
54754;iPhone 7 Plus;256;Gold;Grade D;$452.16;408.99 
72625;iPhone 7 Plus;32;Black;Grade B;$378.28;343.61 
72621;iPhone 7 Plus;128;Black;Grade B;$442.56;400.50 
72627;iPhone 7 Plus;256;Black;Grade B;$452.16;408.99 
54715;iPhone 7 Plus;32;Pink;Grade B;$379.20;344.42 
54726;iPhone 7 Plus;128;Pink;Grade B;$441.60;399.65 
54741;iPhone 7 Plus;256;Pink;Grade B;$456.00;412.39 
54747;iPhone 7 Plus;32;Silver;Grade B;$379.20;344.42 
54740;iPhone 7 Plus;128;Silver;Grade B;$441.60;399.65 
54756;iPhone 7 Plus;256;Silver;Grade B;$456.00;412.39 
54724;iPhone 7 Plus;32;Jet Black;Grade B;$360.00;327.43 
54719;iPhone 7 Plus;128;Jet Black;Grade B;$422.40;382.65 
54759;iPhone 7 Plus;256;Jet Black;Grade B;$436.80;395.40 
54735;iPhone 7 Plus;32;Gold;Grade B;$384.96;349.52 
54731;iPhone 7 Plus;128;Gold;Grade B;$447.36;404.74 
54752;iPhone 7 Plus;256;Gold;Grade B;$452.16;408.99 
72623;iPhone 7 Plus;32;Black;Grade A;$413.76;375.01 
72622;iPhone 7 Plus;128;Black;Grade A;$471.36;425.98 
72620;iPhone 7 Plus;256;Black;Grade A;;8.85 
61796;iPhone 7 Plus;32;Pink;Grade A;$401.80;364.42 
61792;iPhone 7 Plus;128;Pink;Grade A;$465.60;420.88 
61802;iPhone 7 Plus;256;Pink;Grade A;$484.80;437.88 
61804;iPhone 7 Plus;32;Silver;Grade A;$417.60;378.41 
61790;iPhone 7 Plus;128;Silver;Grade A;$465.60;420.88 
61799;iPhone 7 Plus;256;Silver;Grade A;$480.39;433.97 
61797;iPhone 7 Plus;32;Jet Black;Grade A;;8.85 
61776;iPhone 7 Plus;128;Jet Black;Grade A;$465.60;420.88 
61788;iPhone 7 Plus;256;Jet Black;Grade A;;8.85 
61803;iPhone 7 Plus;32;Gold;Grade A;$413.76;375.01 
61791;iPhone 7 Plus;128;Gold;Grade A;$471.38;426.00 
61800;iPhone 7 Plus;256;Gold;Grade A;$500.16;451.47 
71867;iPhone 7;32;Black;Grade C;$260.16;239.08 
71872;iPhone 7;128;Black;Grade C;$303.36;277.31 
71877;iPhone 7;256;Black;Grade C;$341.76;311.29 
54671;iPhone 7;32;Pink;Grade C;$254.40;233.98 
54678;iPhone 7;128;Pink;Grade C;$297.60;272.21 
54689;iPhone 7;256;Pink;Grade C;$336.00;306.19 
54686;iPhone 7;32;Silver;Grade C;$240.20;221.42 
54709;iPhone 7;128;Silver;Grade C;$297.60;272.21 
54701;iPhone 7;256;Silver;Grade C;$336.00;306.19 
54694;iPhone 7;32;Jet Black;Grade C;$240.20;221.42 
54672;iPhone 7;128;Jet Black;Grade C;$303.36;277.31 
54712;iPhone 7;256;Jet Black;Grade C;$336.00;306.19 
54681;iPhone 7;32;Gold;Grade C;$240.20;221.42 
54704;iPhone 7;128;Gold;Grade C;$303.36;277.31 
54697;iPhone 7;256;Gold;Grade C;$341.76;311.29 
71868;iPhone 7;32;Black;Grade D;$260.16;239.08 
71873;iPhone 7;128;Black;Grade D;$303.36;277.31 
71878;iPhone 7;256;Black;Grade D;$341.76;311.29 
54673;iPhone 7;32;Pink;Grade D;$254.40;233.98 
54680;iPhone 7;128;Pink;Grade D;$297.60;272.21 
54691;iPhone 7;256;Pink;Grade D;$336.00;306.19 
54688;iPhone 7;32;Silver;Grade D;$240.20;221.42 
54710;iPhone 7;128;Silver;Grade D;$297.60;272.21 
54702;iPhone 7;256;Silver;Grade D;$336.00;306.19 
54695;iPhone 7;32;Jet Black;Grade D;$240.20;221.42 
54674;iPhone 7;128;Jet Black;Grade D;$303.36;277.31 
54713;iPhone 7;256;Jet Black;Grade D;$336.00;306.19 
54682;iPhone 7;32;Gold;Grade D;$240.20;221.42 
54705;iPhone 7;128;Gold;Grade D;$303.36;277.31 
54698;iPhone 7;256;Gold;Grade D;$341.76;311.29 
71866;iPhone 7;32;Black;Grade B;$279.36;256.07 
71871;iPhone 7;128;Black;Grade B;$322.56;294.30 
71876;iPhone 7;256;Black;Grade B;$341.76;311.29 
54669;iPhone 7;32;Pink;Grade B;$273.60;250.97 
54677;iPhone 7;128;Pink;Grade B;$316.80;289.20 
54687;iPhone 7;256;Pink;Grade B;$355.20;323.19 
54685;iPhone 7;32;Silver;Grade B;$273.60;250.97 
54708;iPhone 7;128;Silver;Grade B;$331.20;301.95 
54700;iPhone 7;256;Silver;Grade B;$336.00;306.19 
54692;iPhone 7;32;Jet Black;Grade B;$240.20;221.42 
54670;iPhone 7;128;Jet Black;Grade B;$313.60;286.37 
54711;iPhone 7;256;Jet Black;Grade B;$355.20;323.19 
54679;iPhone 7;32;Gold;Grade B;$279.36;256.07 
54703;iPhone 7;128;Gold;Grade B;$322.56;294.30 
54696;iPhone 7;256;Gold;Grade B;$360.96;328.28 
71865;iPhone 7;32;Black;Grade A;$308.16;281.56 
71870;iPhone 7;128;Black;Grade A;$351.36;319.79 
71875;iPhone 7;256;Black;Grade A;$389.76;353.77 
61772;iPhone 7;32;Pink;Grade A;$289.10;264.69 
61754;iPhone 7;128;Pink;Grade A;$345.60;314.69 
39345;iPhone 7;256;Pink;Grade A;$384.00;348.67 
61774;iPhone 7;32;Silver;Grade A;$302.40;276.46 
61756;iPhone 7;128;Silver;Grade A;$345.60;314.69 
61763;iPhone 7;256;Silver;Grade A;$384.00;348.67 
61766;iPhone 7;32;Jet Black;Grade A;$408.00;369.91 
61753;iPhone 7;128;Jet Black;Grade A;$345.60;314.69 
61762;iPhone 7;256;Jet Black;Grade A;$384.00;348.67 
61773;iPhone 7;32;Gold;Grade A;$308.16;281.56 
61755;iPhone 7;128;Gold;Grade A;$351.36;319.79 
61764;iPhone 7;256;Gold;Grade A;$389.76;353.77 
31094;Galaxy S4;16;White;Grade C;$80.50;80.09 
31099;Galaxy S4;16;Black;Grade C;$81.08;80.60 
39057;Galaxy S4;16;Blue;Grade C;;8.85 
38937;Galaxy S4;16;Pink;Grade C;;8.85 
31095;Galaxy S4;16;White;Grade D;$80.50;80.09 
31100;Galaxy S4;16;Black;Grade D;$81.08;80.60 
39058;Galaxy S4;16;Blue;Grade D;;8.85 
38951;Galaxy S4;16;Pink;Grade D;;8.85 
30078;Galaxy S4;16;White;Grade B;$80.50;80.09 
30056;Galaxy S4;16;Black;Grade B;$81.08;80.60 
39056;Galaxy S4;16;Blue;Grade B;;8.85 
38947;Galaxy S4;16;Pink;Grade B;;8.85 
31096;Galaxy S4;16;White;Grade A;;8.85 
31043;Galaxy S4;16;Black;Grade A;;8.85 
51878;Galaxy S4;16;Blue;Grade A;;8.85 
62264;Galaxy S4;16;Pink;Grade A;;8.85 
30100;Galaxy S4 Mini;8;White;Grade C;;8.85 
62270;Galaxy S4 Mini;8;Black;Grade C;;8.85 
62274;Galaxy S4 Mini;8;White;Grade D;;8.85 
62271;Galaxy S4 Mini;8;Black;Grade D;;8.85 
62273;Galaxy S4 Mini;8;White;Grade B;;8.85 
30097;Galaxy S4 Mini;8;Black;Grade B;;8.85 
51880;Galaxy S4 Mini;8;White;Grade A;;8.85 
51879;Galaxy S4 Mini;8;Black;Grade A;;8.85 
32644;Galaxy S5 G900;16;White;Grade C;$90.00;88.50 
35792;Galaxy S5 G900;16;Black;Grade C;$90.00;88.50 
64552;Galaxy S5 G900;16;Blue;Grade C;$90.00;88.50 
30741;Galaxy S5 G900;16;Gold;Grade C;$90.00;88.50 
32646;Galaxy S5 G900;16;White;Grade D;$90.00;88.50 
35793;Galaxy S5 G900;16;Black;Grade D;$90.00;88.50 
64553;Galaxy S5 G900;16;Blue;Grade D;$90.00;88.50 
35791;Galaxy S5 G900;16;Gold;Grade D;$90.00;88.50 
30010;Galaxy S5 G900;16;White;Grade B;$90.00;88.50 
30021;Galaxy S5 G900;16;Black;Grade B;$90.00;88.50 
64547;Galaxy S5 G900;16;Blue;Grade B;$90.00;88.50 
35708;Galaxy S5 G900;16;Gold;Grade B;$90.00;88.50 
7184;Galaxy S5 G900;16;White;Grade A;;8.85 
7183;Galaxy S5 G900;16;Black;Grade A;;8.85 
64545;Galaxy S5 G900;16;Blue;Grade A;;8.85 
36678;Galaxy S5 G900;16;Gold;Grade A;;8.85 
72985;Galaxy S5 Mini;16;White;Grade C;$72.00;72.57 
72975;Galaxy S5 Mini;16;Black;Grade C;$72.00;72.57 
72980;Galaxy S5 Mini;16;Blue;Grade C;;8.85 
72990;Galaxy S5 Mini;16;Gold;Grade C;$72.00;72.57 
72986;Galaxy S5 Mini;16;White;Grade D;$72.00;72.57 
72976;Galaxy S5 Mini;16;Black;Grade D;$72.00;72.57 
72981;Galaxy S5 Mini;16;Blue;Grade D;;8.85 
72991;Galaxy S5 Mini;16;Gold;Grade D;$72.00;72.57 
72984;Galaxy S5 Mini;16;White;Grade B;$72.00;72.57 
72974;Galaxy S5 Mini;16;Black;Grade B;$72.00;72.57 
72979;Galaxy S5 Mini;16;Blue;Grade B;;8.85 
72989;Galaxy S5 Mini;16;Gold;Grade B;$72.00;72.57 
72983;Galaxy S5 Mini;16;White;Grade A;;8.85 
72973;Galaxy S5 Mini;16;Black;Grade A;;8.85 
72978;Galaxy S5 Mini;16;Blue;Grade A;;8.85 
72988;Galaxy S5 Mini;16;Gold;Grade A;;8.85 
31511;Galaxy S6 G920;32;White;Grade C;$91.20;89.56 
32103;Galaxy S6 G920;32;Black;Grade C;$91.20;89.56 
32102;Galaxy S6 G920;32;Blue;Grade C;$76.80;76.81 
31508;Galaxy S6 G920;32;Black;Grade D;$91.20;89.56 
62361;Galaxy S6 G920;32;Blue;Grade D;$76.80;76.81 
31494;Galaxy S6 G920;32;White;Grade B;$91.20;89.56 
31493;Galaxy S6 G920;32;Black;Grade B;$91.20;89.56 
62277;Galaxy S6 G920;32;Blue;Grade B;$76.80;76.81 
34550;Galaxy S6 G920;32;White;Grade A;;8.85 
34552;Galaxy S6 G920;32;Black;Grade A;;8.85 
34551;Galaxy S6 G920;32;Blue;Grade A;;8.85 
64588;Galaxy S6 Edge G925;32;Gold;Grade C;$110.40;106.55 
64592;Galaxy S6 Edge G925;32;Gold;Grade D;$110.40;106.55 
64586;Galaxy S6 Edge G925;32;Gold;Grade B;$110.40;106.55 
64585;Galaxy S6 Edge G925;32;Gold;Grade A;;8.85 
62364;Galaxy S6 Edge Plus G928;32;White;Grade C;;8.85 
54290;Galaxy S6 Edge Plus G928;32;Black;Grade C;$124.80;119.29 
71424;Galaxy S6 Edge Plus G928;32;Silver;Grade C;$235.00;216.81 
54292;Galaxy S6 Edge Plus G928;32;Gold;Grade C;$124.80;119.29 
62368;Galaxy S6 Edge Plus G928;32;White;Grade D;;8.85 
54293;Galaxy S6 Edge Plus G928;32;Black;Grade D;$124.80;119.29 
71425;Galaxy S6 Edge Plus G928;32;Silver;Grade D;$235.00;216.81 
54289;Galaxy S6 Edge Plus G928;32;Gold;Grade D;$124.80;119.29 
31498;Galaxy S6 Edge Plus G928;32;White;Grade B;;8.85 
31497;Galaxy S6 Edge Plus G928;32;Black;Grade B;$124.80;119.29 
71423;Galaxy S6 Edge Plus G928;32;Silver;Grade B;$235.00;216.81 
54291;Galaxy S6 Edge Plus G928;32;Gold;Grade B;$124.80;119.29 
62373;Galaxy S6 Edge Plus G928;32;White;Grade A;;8.85 
47581;Galaxy S6 Edge Plus G928;32;Black;Grade A;;8.85 
71422;Galaxy S6 Edge Plus G928;32;Silver;Grade A;;8.85 
62352;Galaxy S6 Edge Plus G928;32;Gold;Grade A;;8.85 
65396;Galaxy S7 G930;32;White;Grade C;$195.00;181.42 
65473;Galaxy S7 G930;32;Black;Grade C;$149.02;140.73 
65479;Galaxy S7 G930;32;Pink;Grade C;$149.02;140.73 
74786;Galaxy S7 G930;32;Silver;Grade C;$155.52;146.48 
65466;Galaxy S7 G930;32;Gold;Grade C;$149.02;140.73 
65399;Galaxy S7 G930;32;White;Grade D;$195.00;181.42 
65474;Galaxy S7 G930;32;Black;Grade D;$149.02;140.73 
65480;Galaxy S7 G930;32;Pink;Grade D;$149.02;140.73 
74787;Galaxy S7 G930;32;Silver;Grade D;$155.52;146.48 
65467;Galaxy S7 G930;32;Gold;Grade D;$149.02;140.73 
65392;Galaxy S7 G930;32;White;Grade B;$195.00;181.42 
65470;Galaxy S7 G930;32;Black;Grade B;$172.80;161.77 
65478;Galaxy S7 G930;32;Pink;Grade B;$149.02;140.73 
74784;Galaxy S7 G930;32;Silver;Grade B;$172.80;161.77 
65465;Galaxy S7 G930;32;Gold;Grade B;$172.80;161.77 
65385;Galaxy S7 G930;32;White;Grade A;;8.85 
65468;Galaxy S7 G930;32;Black;Grade A;$185.28;172.81 
65475;Galaxy S7 G930;32;Pink;Grade A;;8.85 
74785;Galaxy S7 G930;32;Silver;Grade A;$165.12;154.97 
65438;Galaxy S7 G930;32;Gold;Grade A;$145.92;137.98 
65368;Galaxy S7 Edge G935;32;White;Grade C;$215.00;199.12 
65380;Galaxy S7 Edge G935;32;Black;Grade C;$158.82;149.40 
65407;Galaxy S7 Edge G935;32;Pink;Grade C;$165.12;154.97 
65463;Galaxy S7 Edge G935;32;Silver;Grade C;$158.82;149.40 
65394;Galaxy S7 Edge G935;32;Gold;Grade C;$165.12;154.97 
65369;Galaxy S7 Edge G935;32;White;Grade D;$215.00;199.12 
65382;Galaxy S7 Edge G935;32;Black;Grade D;$158.82;149.40 
65408;Galaxy S7 Edge G935;32;Pink;Grade D;$165.12;154.97 
65464;Galaxy S7 Edge G935;32;Silver;Grade D;$158.82;149.40 
65397;Galaxy S7 Edge G935;32;Gold;Grade D;$165.12;154.97 
65367;Galaxy S7 Edge G935;32;White;Grade B;$215.00;199.12 
65378;Galaxy S7 Edge G935;32;Black;Grade B;$182.40;170.27 
65406;Galaxy S7 Edge G935;32;Pink;Grade B;$182.40;170.27 
65462;Galaxy S7 Edge G935;32;Silver;Grade B;$182.40;170.27 
65390;Galaxy S7 Edge G935;32;Gold;Grade B;$182.40;170.27 
65362;Galaxy S7 Edge G935;32;White;Grade A;;8.85 
65364;Galaxy S7 Edge G935;32;Black;Grade A;$194.88;181.31 
65401;Galaxy S7 Edge G935;32;Pink;Grade A;$194.88;181.31 
65452;Galaxy S7 Edge G935;32;Silver;Grade A;$194.88;181.31 
65384;Galaxy S7 Edge G935;32;Gold;Grade A;$194.88;181.31 
76465;iPad mini Wifi;64;White;Grade C;$105.60;102.30 
76470;iPad mini Wifi;16;Black;Grade C;$62.40;64.07 
76468;iPad mini Wifi;32;Black;Grade C;$58.82;60.90 
76466;iPad mini Wifi;64;Black;Grade C;$105.60;102.30 
76469;iPad mini Cellular;16;Silver;Grade C;$70.00;70.80 
76467;iPad mini Wifi;32;Silver;Grade C;$67.20;68.32 
77321;iPad mini Wifi;64;White;Grade D;$105.60;102.30 
77296;iPad mini Wifi;16;Black;Grade D;$62.40;64.07 
77306;iPad mini Wifi;32;Black;Grade D;$58.82;60.90 
77316;iPad mini Wifi;64;Black;Grade D;$105.60;102.30 
77301;iPad mini Wifi;16;Silver;Grade D;$62.40;64.07 
77311;iPad mini Wifi;32;Silver;Grade D;$67.20;68.32 
77320;iPad mini Wifi;64;White;Grade B;$105.60;102.30 
77295;iPad mini Wifi;16;Black;Grade B;$62.40;64.07 
77305;iPad mini Wifi;32;Black;Grade B;$58.82;60.90 
77315;iPad mini Wifi;64;Black;Grade B;$105.60;102.30 
77300;iPad mini Wifi;16;Silver;Grade B;$62.40;64.07 
77310;iPad mini Wifi;32;Silver;Grade B;$67.20;68.32 
77319;iPad mini Wifi;64;White;Grade A;;8.85 
77294;iPad mini Wifi;16;Black;Grade A;;8.85 
77304;iPad mini Wifi;32;Black;Grade A;;8.85 
77299;iPad mini Wifi;16;Silver;Grade A;;8.85 
77309;iPad mini Wifi;32;Silver;Grade A;;8.85 
77314;iPad mini Wifi;64;Black;Grade A;;8.85 
76464;iPad mini 2 Wifi;32;Silver;Grade C;$112.75;108.63 
76463;iPad mini 2 Wifi;32;Black;Grade C;$120.00;115.04 
77331;iPad mini 2 Wifi;32;Silver;Grade D;$112.75;108.63 
77326;iPad mini 2 Wifi;32;Black;Grade D;$120.00;115.04 
77330;iPad mini 2 Wifi;32;Silver;Grade B;$112.75;108.63 
77325;iPad mini 2 Wifi;32;Black;Grade B;$120.00;115.04 
77329;iPad mini 2 Wifi;32;Silver;Grade A;;8.85 
77324;iPad mini 2 Wifi;32;Black;Grade A;;8.85 
76893;iPad Air Wifi;16;Black;Grade C;$100.80;98.05 
76891;iPad Air Wifi;32;Black;Grade C;$115.20;110.80 
76895;iPad Air Wifi;64;Black;Grade C;$186.24;173.66 
76897;iPad Air Wifi;128;Black;Grade C;$192.00;178.76 
76894;iPad Air Wifi;16;Silver;Grade C;$100.80;98.05 
76892;iPad Air Wifi;32;Silver;Grade C;$102.94;99.95 
76896;iPad Air Wifi;64;Silver;Grade C;$186.24;173.66 
76898;iPad Air Wifi;128;Silver;Grade C;$192.00;178.76 
77211;iPad Air Wifi;16;Black;Grade D;$100.80;98.05 
77221;iPad Air Wifi;32;Black;Grade D;$115.20;110.80 
77231;iPad Air Wifi;64;Black;Grade D;$186.24;173.66 
77241;iPad Air Wifi;128;Black;Grade D;$192.00;178.76 
77216;iPad Air Wifi;16;Silver;Grade D;$100.80;98.05 
77226;iPad Air Wifi;32;Silver;Grade D;$102.94;99.95 
77236;iPad Air Wifi;64;Silver;Grade D;$186.24;173.66 
77246;iPad Air Wifi;128;Silver;Grade D;$192.00;178.76 
77210;iPad Air Wifi;16;Black;Grade B;$100.80;98.05 
77220;iPad Air Wifi;32;Black;Grade B;$115.20;110.80 
77230;iPad Air Wifi;64;Black;Grade B;$186.24;173.66 
77240;iPad Air Wifi;128;Black;Grade B;$192.00;178.76 
77215;iPad Air Wifi;16;Silver;Grade B;$100.80;98.05 
77225;iPad Air Wifi;32;Silver;Grade B;$102.94;99.95 
77235;iPad Air Wifi;64;Silver;Grade B;$186.24;173.66 
77245;iPad Air Wifi;128;Silver;Grade B;$192.00;178.76 
77413;iPad Air Wifi;16;Black;Grade A;;8.85 
77219;iPad Air Wifi;32;Black;Grade A;;8.85 
77229;iPad Air Wifi;64;Black;Grade A;;8.85 
77239;iPad Air Wifi;128;Black;Grade A;;8.85 
77214;iPad Air Wifi;16;Silver;Grade A;;8.85 
77224;iPad Air Wifi;32;Silver;Grade A;;8.85 
77234;iPad Air Wifi;64;Silver;Grade A;;8.85 
77244;iPad Air Wifi;128;Silver;Grade A;;8.85 
76899;iPad Air 2 Wifi;16;Black;Grade C;$153.60;144.78 
76902;iPad Air 2 Wifi;64;Black;Grade C;$201.60;187.26 
76905;iPad Air 2 Wifi;128;Black;Grade C;$240.00;221.24 
76900;iPad Air 2 Wifi;16;Silver;Grade C;$153.60;144.78 
76903;iPad Air 2 Wifi;64;Silver;Grade C;$201.60;187.26 
76906;iPad Air 2 Wifi;128;Silver;Grade C;$240.00;221.24 
76901;iPad Air 2 Wifi;16;Gold;Grade C;$153.60;144.78 
76904;iPad Air 2 Wifi;64;Gold;Grade C;$201.60;187.26 
76907;iPad Air 2 Wifi;128;Gold;Grade C;$240.00;221.24 
77251;iPad Air 2 Wifi;16;Black;Grade D;$153.60;144.78 
77266;iPad Air 2 Wifi;64;Black;Grade D;$201.60;187.26 
77281;iPad Air 2 Wifi;128;Black;Grade D;$240.00;221.24 
77256;iPad Air 2 Wifi;16;Silver;Grade D;$153.60;144.78 
77271;iPad Air 2 Wifi;64;Silver;Grade D;$201.60;187.26 
77286;iPad Air 2 Wifi;128;Silver;Grade D;$240.00;221.24 
77261;iPad Air 2 Wifi;16;Gold;Grade D;$153.60;144.78 
77276;iPad Air 2 Wifi;64;Gold;Grade D;$201.60;187.26 
77291;iPad Air 2 Wifi;128;Gold;Grade D;$240.00;221.24 
77250;iPad Air 2 Wifi;16;Black;Grade B;$153.60;144.78 
77265;iPad Air 2 Wifi;64;Black;Grade B;$201.60;187.26 
77280;iPad Air 2 Wifi;128;Black;Grade B;$240.00;221.24 
77255;iPad Air 2 Wifi;16;Silver;Grade B;$153.60;144.78 
77270;iPad Air 2 Wifi;64;Silver;Grade B;$201.60;187.26 
77285;iPad Air 2 Wifi;128;Silver;Grade B;$240.00;221.24 
77260;iPad Air 2 Wifi;16;Gold;Grade B;$153.60;144.78 
77275;iPad Air 2 Wifi;64;Gold;Grade B;$201.60;187.26 
77290;iPad Air 2 Wifi;128;Gold;Grade B;$240.00;221.24 
77249;iPad Air 2 Wifi;16;Black;Grade A;;8.85 
77264;iPad Air 2 Wifi;64;Black;Grade A;;8.85 
77279;iPad Air 2 Wifi;128;Black;Grade A;;8.85 
77254;iPad Air 2 Wifi;16;Silver;Grade A;;8.85 
77269;iPad Air 2 Wifi;64;Silver;Grade A;;8.85 
77284;iPad Air 2 Wifi;128;Silver;Grade A;;8.85 
77259;iPad Air 2 Wifi;16;Gold;Grade A;;8.85 
77274;iPad Air 2 Wifi;64;Gold;Grade A;;8.85 
77289;iPad Air 2 Wifi;128;Gold;Grade A;;8.85 
76554;iPad 4 WIFI;16;Black;Grade C;$91.20;89.56 
76556;iPad 4 WIFI;32;Black;Grade C;$103.68;100.60 
76558;iPad 4 WIFI;64;Black;Grade C;$124.80;119.29 
76555;iPad 4 WIFI;16;Silver;Grade C;$91.20;89.56 
76557;iPad 4 WIFI;32;Silver;Grade C;$103.68;100.60 
76559;iPad 4 WIFI;64;Silver;Grade C;$124.80;119.29 
77180;iPad 4 WIFI;16;Black;Grade D;$91.20;89.56 
77190;iPad 4 WIFI;32;Black;Grade D;$103.68;100.60 
77201;iPad 4 WIFI;64;Black;Grade D;$124.80;119.29 
77185;iPad 4 WIFI;16;Silver;Grade D;$91.20;89.56 
77195;iPad 4 WIFI;32;Silver;Grade D;$103.68;100.60 
77206;iPad 4 WIFI;64;Silver;Grade D;$124.80;119.29 
77179;iPad 4 WIFI;16;Black;Grade B;$91.20;89.56 
77189;iPad 4 WIFI;32;Black;Grade B;$103.68;100.60 
77199;iPad 4 WIFI;64;Black;Grade B;$124.80;119.29 
77184;iPad 4 WIFI;16;Silver;Grade B;$91.20;89.56 
77194;iPad 4 WIFI;32;Silver;Grade B;$103.68;100.60 
77205;iPad 4 WIFI;64;Silver;Grade B;$124.80;119.29 
77178;iPad 4 WIFI;16;Black;Grade A;;8.85 
77188;iPad 4 WIFI;32;Black;Grade A;;8.85 
77198;iPad 4 WIFI;64;Black;Grade A;;8.85 
77183;iPad 4 WIFI;16;Silver;Grade A;;8.85 
77193;iPad 4 WIFI;32;Silver;Grade A;;8.85 
77204;iPad 4 WIFI;64;Silver;Grade A;;8.85 
76546;iPad 3 WIFI;16;Black;Grade C;$67.20;68.32 
76549;iPad 3 WIFI;32;Black;Grade C;$68.63;69.58 
76551;iPad 3 WIFI;64;Black;Grade C;$94.08;92.11 
76547;iPad 3 WIFI;16;Silver;Grade C;$82.00;81.42 
76550;iPad 3 WIFI;32;Silver;Grade C;$76.80;76.81 
76552;iPad 3 WIFI;64;Silver;Grade C;$94.08;92.11 
77150;iPad 3 WIFI;16;Black;Grade D;$67.20;68.32 
77160;iPad 3 WIFI;32;Black;Grade D;$68.63;69.58 
77170;iPad 3 WIFI;64;Black;Grade D;$94.08;92.11 
77155;iPad 3 WIFI;16;Silver;Grade D;$82.00;81.42 
77165;iPad 3 WIFI;32;Silver;Grade D;$76.80;76.81 
77175;iPad 3 WIFI;64;Silver;Grade D;$94.08;92.11 
77149;iPad 3 WIFI;16;Black;Grade B;$67.20;68.32 
77159;iPad 3 WIFI;32;Black;Grade B;$68.63;69.58 
77169;iPad 3 WIFI;64;Black;Grade B;$94.08;92.11 
77154;iPad 3 WIFI;16;Silver;Grade B;$82.00;81.42 
77164;iPad 3 WIFI;32;Silver;Grade B;$76.80;76.81 
77174;iPad 3 WIFI;64;Silver;Grade B;$94.08;92.11 
77148;iPad 3 WIFI;16;Black;Grade A;;8.85 
77158;iPad 3 WIFI;32;Black;Grade A;;8.85 
77168;iPad 3 WIFI;64;Black;Grade A;;8.85 
77153;iPad 3 WIFI;16;Silver;Grade A;;8.85 
77163;iPad 3 WIFI;32;Silver;Grade A;;8.85 
77173;iPad 3 WIFI;64;Silver;Grade A;;8.85 
76454;iPad 2 WIFI;16;Black;Grade C;$39.22;43.56 
76456;iPad 2 WIFI;32;Black;Grade C;$57.60;59.82 
76462;iPad 2 WIFI;64;Black;Grade C;$56.86;59.17 
76457;iPad 2 WIFI;16;Silver;Grade C;$48.00;51.33 
76459;iPad 2 WIFI;32;Silver;Grade C;$57.60;59.82 
76461;iPad 2 WIFI;64;Silver;Grade C;$65.25;66.59 
76827;iPad 2 WIFI;16;Black;Grade D;$39.22;43.56 
77130;iPad 2 WIFI;32;Black;Grade D;$57.60;59.82 
77140;iPad 2 WIFI;64;Black;Grade D;$56.86;59.17 
77125;iPad 2 WIFI;16;Silver;Grade D;$48.00;51.33 
77135;iPad 2 WIFI;32;Silver;Grade D;$57.60;59.82 
77145;iPad 2 WIFI;64;Silver;Grade D;$65.25;66.59 
76826;iPad 2 WIFI;16;Black;Grade B;$78.43;78.26 
77129;iPad 2 WIFI;32;Black;Grade B;$57.60;59.82 
77139;iPad 2 WIFI;64;Black;Grade B;$56.86;59.17 
77124;iPad 2 WIFI;16;Silver;Grade B;$48.00;51.33 
77134;iPad 2 WIFI;32;Silver;Grade B;$57.60;59.82 
77144;iPad 2 WIFI;64;Silver;Grade B;$65.25;66.59 
76825;iPad 2 WIFI;16;Black;Grade A;;8.85 
77128;iPad 2 WIFI;32;Black;Grade A;;8.85 
77138;iPad 2 WIFI;64;Black;Grade A;;8.85 
77123;iPad 2 WIFI;16;Silver;Grade A;;8.85 
77133;iPad 2 WIFI;32;Silver;Grade A;;8.85 
77143;iPad 2 WIFI;64;Silver;Grade A;;8.85 
80282;iPhone 8;64;Grey;Grade C;$422.40;382.65 
80302;iPhone 8;256;Grey;Grade C;$504.00;454.87 
80292;iPhone 8;64;Red;Grade C;$422.40;382.65 
80312;iPhone 8;256;Red;Grade C;$504.00;454.87 
80277;iPhone 8;64;Silver;Grade C;$422.40;382.65 
80297;iPhone 8;256;Silver;Grade C;$504.00;454.87 
80287;iPhone 8;64;Gold;Grade C;$422.40;382.65 
80307;iPhone 8;256;Gold;Grade C;$504.00;454.87 
80283;iPhone 8;64;Grey;Grade D;$422.40;382.65 
80303;iPhone 8;256;Grey;Grade D;$504.00;454.87 
80293;iPhone 8;64;Red;Grade D;$422.40;382.65 
80313;iPhone 8;256;Red;Grade D;$504.00;454.87 
80278;iPhone 8;64;Silver;Grade D;$422.40;382.65 
80298;iPhone 8;256;Silver;Grade D;$504.00;454.87 
80288;iPhone 8;64;Gold;Grade D;$422.40;382.65 
80308;iPhone 8;256;Gold;Grade D;$504.00;454.87 
80281;iPhone 8;64;Grey;Grade B;$441.60;399.65 
80301;iPhone 8;256;Grey;Grade B;$523.20;471.86 
80291;iPhone 8;64;Red;Grade B;$422.40;382.65 
80311;iPhone 8;256;Red;Grade B;$504.00;454.87 
80276;iPhone 8;64;Silver;Grade B;$436.10;394.78 
80296;iPhone 8;256;Silver;Grade B;$523.20;471.86 
80286;iPhone 8;64;Gold;Grade B;$436.10;394.78 
80306;iPhone 8;256;Gold;Grade B;$523.20;471.86 
80280;iPhone 8;64;Grey;Grade A;$470.40;425.13 
80300;iPhone 8;256;Grey;Grade A;$552.00;497.35 
80290;iPhone 8;64;Red;Grade A;;8.85 
80310;iPhone 8;256;Red;Grade A;;8.85 
80275;iPhone 8;64;Silver;Grade A;$470.40;425.13 
80295;iPhone 8;256;Silver;Grade A;$552.00;497.35 
80285;iPhone 8;64;Gold;Grade A;$470.40;425.13 
80305;iPhone 8;256;Gold;Grade A;$552.00;497.35 
80322;iPhone 8 Plus;64;Grey;Grade C;$532.80;480.35 
80342;iPhone 8 Plus;256;Grey;Grade C;$609.60;548.32 
80332;iPhone 8 Plus;64;Red;Grade C;$532.80;480.35 
80352;iPhone 8 Plus;256;Red;Grade C;;8.85 
80317;iPhone 8 Plus;64;Silver;Grade C;$532.80;480.35 
80337;iPhone 8 Plus;256;Silver;Grade C;$609.60;548.32 
80327;iPhone 8 Plus;64;Gold;Grade C;$532.80;480.35 
80347;iPhone 8 Plus;256;Gold;Grade C;$609.60;548.32 
80323;iPhone 8 Plus;64;Grey;Grade D;$443.70;401.50 
80343;iPhone 8 Plus;256;Grey;Grade D;$609.60;548.32 
80333;iPhone 8 Plus;64;Red;Grade D;$443.70;401.50 
80353;iPhone 8 Plus;256;Red;Grade D;;8.85 
80318;iPhone 8 Plus;64;Silver;Grade D;$443.70;401.50 
80338;iPhone 8 Plus;256;Silver;Grade D;$609.60;548.32 
80328;iPhone 8 Plus;64;Gold;Grade D;$443.70;401.50 
80348;iPhone 8 Plus;256;Gold;Grade D;$609.60;548.32 
80321;iPhone 8 Plus;64;Grey;Grade B;$548.80;494.51 
80340;iPhone 8 Plus;256;Grey;Grade B;$609.60;548.32 
80331;iPhone 8 Plus;64;Red;Grade B;$532.80;480.35 
80351;iPhone 8 Plus;256;Red;Grade B;;8.85 
80316;iPhone 8 Plus;64;Silver;Grade B;$552.00;497.35 
80336;iPhone 8 Plus;256;Silver;Grade B;$628.80;565.31 
80326;iPhone 8 Plus;64;Gold;Grade B;$548.80;494.51 
80346;iPhone 8 Plus;256;Gold;Grade B;$609.60;548.32 
80320;iPhone 8 Plus;64;Grey;Grade A;$580.80;522.83 
80339;iPhone 8 Plus;256;Grey;Grade A;$657.60;590.80 
80330;iPhone 8 Plus;64;Red;Grade A;;8.85 
80350;iPhone 8 Plus;256;Red;Grade A;;8.85 
80315;iPhone 8 Plus;64;Silver;Grade A;$578.43;520.73 
80335;iPhone 8 Plus;256;Silver;Grade A;$657.60;590.80 
80325;iPhone 8 Plus;64;Gold;Grade A;$580.80;522.83 
80345;iPhone 8 Plus;256;Gold;Grade A;$657.60;590.80 
80362;iPhone X;64;Grey;Grade C;$619.55;557.12 
80372;iPhone X;256;Grey;Grade C;$768.00;688.50 
80357;iPhone X;64;Silver;Grade C;$619.55;557.12 
80367;iPhone X;256;Silver;Grade C;$705.60;633.27 
80363;iPhone X;64;Grey;Grade D;$619.55;557.12 
80373;iPhone X;256;Grey;Grade D;$768.00;688.50 
80358;iPhone X;64;Silver;Grade D;$619.55;557.12 
80368;iPhone X;256;Silver;Grade D;$705.60;633.27 
80361;iPhone X;64;Grey;Grade B;$696.00;624.78 
80371;iPhone X;256;Grey;Grade B;$730.10;654.96 
80356;iPhone X;64;Silver;Grade B;$619.55;557.12 
80366;iPhone X;256;Silver;Grade B;$705.60;633.27 
80360;iPhone X;64;Grey;Grade A;$681.60;612.04 
80370;iPhone X;256;Grey;Grade A;$753.60;675.75 
80355;iPhone X;64;Silver;Grade A;$681.60;612.04 
80365;iPhone X;256;Silver;Grade A;$816.00;730.97 
79745;Galaxy S8 G950F;64;Grey;Grade C;$299.52;273.91 
79733;Galaxy S8 G950F;64;Black;Grade C;$276.24;253.31 
80537;Galaxy S8 G950F;64;Blue;Grade C;$267.00;245.13 
80532;Galaxy S8 G950F;64;Pink;Grade C;$257.00;236.28 
79757;Galaxy S8 G950F;64;Silver;Grade C;$288.00;263.72 
79744;Galaxy S8 G950F;64;Grey;Grade D;$299.52;273.91 
79737;Galaxy S8 G950F;64;Black;Grade D;$276.24;253.31 
80536;Galaxy S8 G950F;64;Blue;Grade D;$267.00;245.13 
80531;Galaxy S8 G950F;64;Pink;Grade D;$257.00;236.28 
79758;Galaxy S8 G950F;64;Silver;Grade D;$288.00;263.72 
79746;Galaxy S8 G950F;64;Grey;Grade B;$298.56;273.06 
79731;Galaxy S8 G950F;64;Black;Grade B;$308.16;281.56 
80538;Galaxy S8 G950F;64;Blue;Grade B;$298.56;273.06 
80533;Galaxy S8 G950F;64;Pink;Grade B;$257.00;236.28 
79756;Galaxy S8 G950F;64;Silver;Grade B;$257.00;236.28 
79747;Galaxy S8 G950F;64;Grey;Grade A;$310.00;283.19 
79730;Galaxy S8 G950F;64;Black;Grade A;$331.20;301.95 
80539;Galaxy S8 G950F;64;Blue;Grade A;$310.00;283.19 
80534;Galaxy S8 G950F;64;Pink;Grade A;$310.00;283.19 
79755;Galaxy S8 G950F;64;Silver;Grade A;$310.00;283.19 
79775;Galaxy S8 Plus G955F;64;Grey;Grade C;$299.52;273.91 
79767;Galaxy S8 Plus G955F;64;Black;Grade C;$308.88;282.19 
80547;Galaxy S8 Plus G955F;64;Blue;Grade C;$300.00;274.34 
80542;Galaxy S8 Plus G955F;64;Pink;Grade C;$257.00;236.28 
79787;Galaxy S8 Plus G955F;64;Silver;Grade C;$336.00;306.19 
79774;Galaxy S8 Plus G955F;64;Grey;Grade D;$299.52;273.91 
79768;Galaxy S8 Plus G955F;64;Black;Grade D;$308.88;282.19 
80546;Galaxy S8 Plus G955F;64;Blue;Grade D;$300.00;274.34 
80541;Galaxy S8 Plus G955F;64;Pink;Grade D;$257.00;236.28 
79788;Galaxy S8 Plus G955F;64;Silver;Grade D;$336.00;306.19 
79776;Galaxy S8 Plus G955F;64;Grey;Grade B;$305.00;278.76 
79766;Galaxy S8 Plus G955F;64;Black;Grade B;$340.80;310.44 
80548;Galaxy S8 Plus G955F;64;Blue;Grade B;$331.20;301.95 
80543;Galaxy S8 Plus G955F;64;Pink;Grade B;$257.00;236.28 
79786;Galaxy S8 Plus G955F;64;Silver;Grade B;$257.00;236.28 
79777;Galaxy S8 Plus G955F;64;Grey;Grade A;$324.00;295.58 
79764;Galaxy S8 Plus G955F;64;Black;Grade A;$363.84;330.83 
80549;Galaxy S8 Plus G955F;64;Blue;Grade A;$324.00;295.58 
80544;Galaxy S8 Plus G955F;64;Pink;Grade A;;8.85 
79784;Galaxy S8 Plus G955F;64;Silver;Grade A;;8.85 
78240;Apple Watch Serie 1 Aluminium 38 MM;16;Silver;Grade C;$101.00;98.23 
78245;Apple Watch Serie 1 Aluminium 42 MM;16;Silver;Grade C;$78.43;78.26 
78241;Apple Watch Serie 1 Aluminium 38 MM;16;Silver;Grade D;$101.00;98.23 
78246;Apple Watch Serie 1 Aluminium 42 MM;16;Silver;Grade D;$78.43;78.26 
78239;Apple Watch Serie 1 Aluminium 38 MM;16;Silver;Grade B;$101.00;98.23 
78244;Apple Watch Serie 1 Aluminium 42 MM;16;Silver;Grade B;$78.43;78.26 
78238;Apple Watch Serie 1 Aluminium 38 MM;16;Silver;Grade A;;8.85 
78243;Apple Watch Serie 1 Aluminium 42 MM;16;Silver;Grade A;;8.85 
78260;Apple Watch Serie 2 Aluminium (sport) 38 MM;16;Silver;Grade C;$122.55;117.30 
78255;Apple Watch Serie 2 Aluminium (sport) 42 MM;16;Silver;Grade C;$187.00;174.34 
78256;Apple Watch Serie 2 Aluminium (sport) 42 MM;16;Silver;Grade D;$187.00;174.34 
78261;Apple Watch Serie 2 Aluminium (sport) 38 MM;16;Silver;Grade D;$122.55;117.30 
78259;Apple Watch Serie 2 Aluminium (sport) 38 MM;16;Silver;Grade B;$146.88;138.83 
78254;Apple Watch Serie 2 Aluminium (sport) 42 MM;16;Silver;Grade B;$187.00;174.34 
78257;Apple Watch Serie 2 Aluminium (sport) 38 MM;16;Silver;Grade A;;8.85 
78253;Apple Watch Serie 2 Aluminium (sport) 42 MM;16;Silver;Grade A;;8.85 
78270;Apple Watch Serie 2 Nike + 38 MM;16;Black;Grade C;$178.00;166.37 
78275;Apple Watch Serie 2 Nike + 42 MM;16;Black;Grade C;$187.00;174.34 
78271;Apple Watch Serie 2 Nike + 38 MM;16;Black;Grade D;$178.00;166.37 
78276;Apple Watch Serie 2 Nike + 42 MM;16;Black;Grade D;$187.00;174.34 
78269;Apple Watch Serie 2 Nike + 38 MM;16;Black;Grade B;$178.00;166.37 
78274;Apple Watch Serie 2 Nike + 42 MM;16;Black;Grade B;$187.00;174.34 
78268;Apple Watch Serie 2 Nike + 38 MM;16;Black;Grade A;;8.85 
78273;Apple Watch Serie 2 Nike + 42 MM;16;Black;Grade A;;8.85 
78250;Apple Watch Serie 2 stainless steel 38 MM;16;Silver;Grade C;$216.00;200.00 
78265;Apple Watch Serie 2 stainless steel 42MM;16;Silver;Grade C;$226.00;208.85 
78251;Apple Watch Serie 2 stainless steel 38 MM;16;Silver;Grade D;$216.00;200.00 
78266;Apple Watch Serie 2 stainless steel 42MM;16;Silver;Grade D;$226.00;208.85 
78249;Apple Watch Serie 2 stainless steel 38 MM;16;Silver;Grade B;$216.00;200.00 
78264;Apple Watch Serie 2 stainless steel 42MM;16;Silver;Grade B;$226.00;208.85 
78248;Apple Watch Serie 2 stainless steel 38 MM;16;Silver;Grade A;;8.85 
78263;Apple Watch Serie 2 stainless steel 42MM;16;Silver;Grade A;;8.85 
78220;Apple Watch 1st Generation Aluminium (sport) 38 MM;16;Silver;Grade C;$72.00;72.57 
78225;Apple Watch 1st Generation Aluminium (sport) 42 MM;16;Silver;Grade C;$72.00;72.57 
78221;Apple Watch 1st Generation Aluminium (sport) 38 MM;16;Silver;Grade D;$72.00;72.57 
78226;Apple Watch 1st Generation Aluminium (sport) 42 MM;16;Silver;Grade D;$72.00;72.57 
78219;Apple Watch 1st Generation Aluminium (sport) 38 MM;16;Silver;Grade B;$72.00;72.57 
78224;Apple Watch 1st Generation Aluminium (sport) 42 MM;16;Silver;Grade B;$72.00;72.57 
78218;Apple Watch 1st Generation Aluminium (sport) 38 MM;16;Silver;Grade A;;8.85 
78223;Apple Watch 1st Generation Aluminium (sport) 42 MM;16;Silver;Grade A;;8.85 
78230;Apple Watch 1st Generation Stainless Steel 38 MM;16;Silver;Grade C;$82.00;81.42 
78235;Apple Watch 1st Generation Stainless Steel 42 MM;16;Silver;Grade C;$86.00;84.96 
78231;Apple Watch 1st Generation Stainless Steel 38 MM;16;Silver;Grade D;$82.00;81.42 
78236;Apple Watch 1st Generation Stainless Steel 42 MM;16;Silver;Grade D;$86.00;84.96 
78229;Apple Watch 1st Generation Stainless Steel 38 MM;16;Silver;Grade B;$82.00;81.42 
78234;Apple Watch 1st Generation Stainless Steel 42 MM;16;Silver;Grade B;$86.00;84.96 
78228;Apple Watch 1st Generation Stainless Steel 38 MM;16;Silver;Grade A;;8.85 
78233;Apple Watch 1st Generation Stainless Steel 42 MM;16;Silver;Grade A;;8.85 
