reference Smarter;reference SunDevice;IDP;Model;Capacity;Color;Grade
19-PRE7078;;81262;Apple iPhone 4S;64;Black;A
19-PRE7082;;80768;Apple iPhone 4S;64;White;A
19-MED7086;;81261;Apple iPhone 4S;64;Black;B
19-MED7090;;80767;Apple iPhone 4S;64;White;B
19-BAS7094;;81259;Apple iPhone 4S;64;Black;C
19-BAS7098;;80765;Apple iPhone 4S;64;White;C
19-ECO7102;;81260;Apple iPhone 4S;64;Black;D
19-ECO7106;;80766;Apple iPhone 4S;64;White;D
20-PRE7109;;81247;Apple iPhone 4;32;Black;A
20-PRE7112;;81243;Apple iPhone 4;32;White;A
20-MED7115;;81246;Apple iPhone 4;32;Black;B
20-MED7118;;81242;Apple iPhone 4;32;White;B
20-BAS7121;;81240;Apple iPhone 4;32;Black;C
20-BAS7124;;81239;Apple iPhone 4;32;White;C
20-ECO7127;;81245;Apple iPhone 4;32;Black;D
20-ECO7130;;81241;Apple iPhone 4;32;White;D
28-PRE7478;;80515;Apple iPhone 7 Plus;32;Red;A
28-PRE7479;;80520;Apple iPhone 7 Plus;128;Red;A
28-PRE7480;;80525;Apple iPhone 7 Plus;256;Red;A
28-MED7496;;80514;Apple iPhone 7 Plus;32;Red;B
28-MED7497;;80519;Apple iPhone 7 Plus;128;Red;B
28-MED7498;;80524;Apple iPhone 7 Plus;256;Red;B
28-BAS7514;;80513;Apple iPhone 7 Plus;32;Red;C
28-BAS7515;;80518;Apple iPhone 7 Plus;128;Red;C
28-BAS7516;;80523;Apple iPhone 7 Plus;256;Red;C
28-ECO7532;;80512;Apple iPhone 7 Plus;32;Red;D
28-ECO7533;;80517;Apple iPhone 7 Plus;128;Red;D
28-ECO7534;;80522;Apple iPhone 7 Plus;256;Red;D
37-GOL3120;;34553;Samsung Galaxy S6;32;Gold;A
37-GOL3124;;32100;Samsung Galaxy S6;32;Gold;B
37-GOL3128;;36309;Samsung Galaxy S6;32;Gold;C
37-GOL3132;;36310;Samsung Galaxy S6;32;Gold;D
37-ECO3135;;31512;Samsung Galaxy S6;32;White;D
38-PRE3105;;34555;Samsung Galaxy S6 Edge;32;Black;A
38-PRE3106;;71713;Samsung Galaxy S6 Edge;32;Green;A
38-PRE3107;;34554;Samsung Galaxy S6 Edge;32;White;A
38-MED3109;;31514;Samsung Galaxy S6 Edge;32;Black;B
38-MED3110;;71714;Samsung Galaxy S6 Edge;32;Green;B
38-MED3111;;31528;Samsung Galaxy S6 Edge;32;White;B
38-BAS3113;;31515;Samsung Galaxy S6 Edge;32;Black;C
38-BAS3114;;71715;Samsung Galaxy S6 Edge;32;Green;C
38-BAS3115;;31529;Samsung Galaxy S6 Edge;32;White;C
38-ECO3117;;31516;Samsung Galaxy S6 Edge;32;Black;D
38-ECO3118;;71716;Samsung Galaxy S6 Edge;32;Green;D
38-ECO3119;;31530;Samsung Galaxy S6 Edge;32;White;D
94-ECO8885;;81140;Apple Watch Series 2 Nike;;Silver;D
94-BAS8887;;81141;Apple Watch Series 2 Nike;;Silver;C
94-MED8889;;81142;Apple Watch Series 2 Nike;;Silver;B
94-PRE8891;;81143;Apple Watch Series 2 Nike;;Silver;A
94-ECO8893;;81145;Apple Watch Series 2 Nike;;Silver;D
94-BAS8895;;81146;Apple Watch Series 2 Nike;;Silver;C
94-MED8897;;81147;Apple Watch Series 2 Nike;;Silver;B
94-PRE8899;;81148;Apple Watch Series 2 Nike;;Silver;A
119-ECO8996;;80108;Apple iPad 2 Wifi + 3G;16;Silver;D
119-ECO8997;;80118;Apple iPad 2 Wifi + 3G;32;Silver;D
119-ECO8998;;80128;Apple iPad 2 Wifi + 3G;64;Silver;D
119-ECO8999;;80103;Apple iPad 2 Wifi + 3G;16;Black;D
119-ECO9000;;80113;Apple iPad 2 Wifi + 3G;32;Black;D
119-ECO9001;;80123;Apple iPad 2 Wifi + 3G;64;Black;D
119-BAS9002;;80107;Apple iPad 2 Wifi + 3G;16;Silver;C
119-BAS9003;;80117;Apple iPad 2 Wifi + 3G;32;Silver;C
119-BAS9004;;80127;Apple iPad 2 Wifi + 3G;64;Silver;C
119-BAS9005;;80102;Apple iPad 2 Wifi + 3G;16;Black;C
119-BAS9006;;80112;Apple iPad 2 Wifi + 3G;32;Black;C
119-BAS9007;;80122;Apple iPad 2 Wifi + 3G;64;Black;C
119-MED9008;;80106;Apple iPad 2 Wifi + 3G;16;Silver;B
119-MED9009;;80116;Apple iPad 2 Wifi + 3G;32;Silver;B
119-MED9010;;80126;Apple iPad 2 Wifi + 3G;64;Silver;B
119-MED9011;;80101;Apple iPad 2 Wifi + 3G;16;Black;B
119-MED9012;;80111;Apple iPad 2 Wifi + 3G;32;Black;B
119-MED9013;;80121;Apple iPad 2 Wifi + 3G;64;Black;B
119-PRE9014;;80105;Apple iPad 2 Wifi + 3G;16;Silver;A
119-PRE9015;;80115;Apple iPad 2 Wifi + 3G;32;Silver;A
119-PRE9016;;80125;Apple iPad 2 Wifi + 3G;64;Silver;A
119-PRE9017;;80100;Apple iPad 2 Wifi + 3G;16;Black;A
119-PRE9018;;80110;Apple iPad 2 Wifi + 3G;32;Black;A
119-PRE9019;;80120;Apple iPad 2 Wifi + 3G;64;Black;A
123-PRE9100;;80235;Apple iPad Air 2 Wifi + 4G;16;Silver;A
123-PRE9101;;80250;Apple iPad Air 2 Wifi + 4G;64;Silver;A
123-PRE9102;;80220;Apple iPad Air 2 Wifi + 4G;128;Silver;A
123-PRE9103;;80225;Apple iPad Air 2 Wifi + 4G;16;Black;A
123-PRE9104;;80240;Apple iPad Air 2 Wifi + 4G;64;Black;A
123-PRE9105;;80210;Apple iPad Air 2 Wifi + 4G;128;Black;A
123-GOL9106;;80230;Apple iPad Air 2 Wifi + 4G;16;Gold;A
123-GOL9107;;80245;Apple iPad Air 2 Wifi + 4G;64;Gold;A
123-GOL9108;;80215;Apple iPad Air 2 Wifi + 4G;128;Gold;A
123-MED9109;;80236;Apple iPad Air 2 Wifi + 4G;16;Silver;B
123-MED9110;;80251;Apple iPad Air 2 Wifi + 4G;64;Silver;B
123-MED9111;;80221;Apple iPad Air 2 Wifi + 4G;128;Silver;B
123-MED9112;;80226;Apple iPad Air 2 Wifi + 4G;16;Black;B
123-MED9113;;80241;Apple iPad Air 2 Wifi + 4G;64;Black;B
123-MED9114;;80211;Apple iPad Air 2 Wifi + 4G;128;Black;B
123-GOL9115;;80231;Apple iPad Air 2 Wifi + 4G;16;Gold;B
123-GOL9116;;80246;Apple iPad Air 2 Wifi + 4G;64;Gold;B
123-GOL9117;;80216;Apple iPad Air 2 Wifi + 4G;128;Gold;B
123-BAS9118;;80237;Apple iPad Air 2 Wifi + 4G;16;Silver;C
123-BAS9119;;80252;Apple iPad Air 2 Wifi + 4G;64;Silver;C
123-BAS9120;;80222;Apple iPad Air 2 Wifi + 4G;128;Silver;C
123-BAS9121;;80227;Apple iPad Air 2 Wifi + 4G;16;Black;C
123-BAS9122;;80242;Apple iPad Air 2 Wifi + 4G;64;Black;C
123-BAS9123;;80212;Apple iPad Air 2 Wifi + 4G;128;Black;C
123-GOL9124;;80232;Apple iPad Air 2 Wifi + 4G;16;Gold;C
123-GOL9125;;80247;Apple iPad Air 2 Wifi + 4G;64;Gold;C
123-GOL9126;;80217;Apple iPad Air 2 Wifi + 4G;128;Gold;C
123-ECO9127;;80238;Apple iPad Air 2 Wifi + 4G;16;Silver;D
123-ECO9128;;80253;Apple iPad Air 2 Wifi + 4G;64;Silver;D
123-ECO9129;;80223;Apple iPad Air 2 Wifi + 4G;128;Silver;D
123-ECO9130;;80228;Apple iPad Air 2 Wifi + 4G;16;Black;D
123-ECO9131;;80243;Apple iPad Air 2 Wifi + 4G;64;Black;D
123-ECO9132;;80213;Apple iPad Air 2 Wifi + 4G;128;Black;D
123-GOL9133;;80233;Apple iPad Air 2 Wifi + 4G;16;Gold;D
123-GOL9134;;80248;Apple iPad Air 2 Wifi + 4G;64;Gold;D
123-GOL9135;;80218;Apple iPad Air 2 Wifi + 4G;128;Gold;D
124-PRE9136;;80065;Apple iPad mini Wifi + 4G;16;Silver;A
124-PRE9137;;80075;Apple iPad mini Wifi + 4G;32;Silver;A
124-PRE9138;;80085;Apple iPad mini Wifi + 4G;64;Silver;A
124-PRE9139;;80060;Apple iPad mini Wifi + 4G;16;Black;A
124-PRE9140;;80070;Apple iPad mini Wifi + 4G;32;Black;A
124-PRE9141;;80080;Apple iPad mini Wifi + 4G;64;Black;A
124-MED9142;;80066;Apple iPad mini Wifi + 4G;16;Silver;B
124-MED9143;;80076;Apple iPad mini Wifi + 4G;32;Silver;B
124-MED9144;;80086;Apple iPad mini Wifi + 4G;64;Silver;B
124-MED9145;;80061;Apple iPad mini Wifi + 4G;16;Black;B
124-MED9146;;80071;Apple iPad mini Wifi + 4G;32;Black;B
124-MED9147;;80081;Apple iPad mini Wifi + 4G;64;Black;B
124-BAS9149;;80077;Apple iPad mini Wifi + 4G;32;Silver;C
124-BAS9150;;80087;Apple iPad mini Wifi + 4G;64;Silver;C
124-BAS9151;;80062;Apple iPad mini Wifi + 4G;16;Black;C
124-BAS9152;;80072;Apple iPad mini Wifi + 4G;32;Black;C
124-BAS9153;;80082;Apple iPad mini Wifi + 4G;64;Black;C
124-ECO9154;;80067;Apple iPad mini Wifi + 4G;16;Silver;D
124-ECO9155;;80078;Apple iPad mini Wifi + 4G;32;Silver;D
124-ECO9156;;80088;Apple iPad mini Wifi + 4G;64;Silver;D
124-ECO9157;;80063;Apple iPad mini Wifi + 4G;16;Black;D
124-ECO9158;;80073;Apple iPad mini Wifi + 4G;32;Black;D
124-ECO9159;;80083;Apple iPad mini Wifi + 4G;64;Black;D
125-ECO9168;;80098;Apple iPad mini 2 Wifi + 4G;32;Silver;D
125-ECO9169;;80770;Apple iPad mini 2 Wifi + 4G;128;Silver;D
125-ECO9170;;80093;Apple iPad mini 2 Wifi + 4G;32;Black;D
125-ECO9171;;80775;Apple iPad mini 2 Wifi + 4G;128;Black;D
125-BAS9172;;80097;Apple iPad mini 2 Wifi + 4G;32;Silver;C
125-BAS9173;;80771;Apple iPad mini 2 Wifi + 4G;128;Silver;C
125-BAS9174;;80092;Apple iPad mini 2 Wifi + 4G;32;Black;C
125-BAS9175;;80776;Apple iPad mini 2 Wifi + 4G;128;Black;C
125-MED9176;;80096;Apple iPad mini 2 Wifi + 4G;32;Silver;B
125-MED9177;;80772;Apple iPad mini 2 Wifi + 4G;128;Silver;B
125-MED9178;;80091;Apple iPad mini 2 Wifi + 4G;32;Black;B
125-MED9179;;80777;Apple iPad mini 2 Wifi + 4G;128;Black;B
125-PRE9180;;80095;Apple iPad mini 2 Wifi + 4G;32;Silver;A
125-PRE9181;;80773;Apple iPad mini 2 Wifi + 4G;128;Silver;A
125-PRE9182;;80090;Apple iPad mini 2 Wifi + 4G;32;Black;A
125-PRE9183;;80778;Apple iPad mini 2 Wifi + 4G;128;Black;A
126-ECO9508;;80695;Apple iPad mini 4 Wifi + 4G;128;Silver;D
126-BAS9509;;80696;Apple iPad mini 4 Wifi + 4G;128;Silver;C
126-MED9510;;80701;Apple iPad mini 4 Wifi + 4G;128;Silver;B
126-PRE9511;;80702;Apple iPad mini 4 Wifi + 4G;128;Silver;A
127-ECO9216;;0;"Apple iPad Pro 9.7"" Wifi";16;Black;D
127-ECO9217;;0;"Apple iPad Pro 9.7"" Wifi";32;Black;D
127-ECO9218;;0;"Apple iPad Pro 9.7"" Wifi";64;Black;D
127-ECO9219;;0;"Apple iPad Pro 9.7"" Wifi";128;Black;D
127-ECO9220;;0;"Apple iPad Pro 9.7"" Wifi";256;Black;D
127-ECO9221;;0;"Apple iPad Pro 9.7"" Wifi";16;Silver;D
127-ECO9222;;0;"Apple iPad Pro 9.7"" Wifi";32;Silver;D
127-ECO9223;;0;"Apple iPad Pro 9.7"" Wifi";64;Silver;D
127-ECO9224;;0;"Apple iPad Pro 9.7"" Wifi";128;Silver;D
127-ECO9225;;0;"Apple iPad Pro 9.7"" Wifi";256;Silver;D
127-ECO9226;;0;"Apple iPad Pro 9.7"" Wifi";16;Grey;D
127-ECO9227;;0;"Apple iPad Pro 9.7"" Wifi";32;Grey;D
127-ECO9228;;0;"Apple iPad Pro 9.7"" Wifi";64;Grey;D
127-ECO9229;;0;"Apple iPad Pro 9.7"" Wifi";128;Grey;D
127-ECO9230;;0;"Apple iPad Pro 9.7"" Wifi";256;Grey;D
127-GOL9231;;0;"Apple iPad Pro 9.7"" Wifi";16;Gold;D
127-GOL9232;;0;"Apple iPad Pro 9.7"" Wifi";32;Gold;D
127-GOL9233;;0;"Apple iPad Pro 9.7"" Wifi";64;Gold;D
127-GOL9234;;0;"Apple iPad Pro 9.7"" Wifi";128;Gold;D
127-GOL9235;;0;"Apple iPad Pro 9.7"" Wifi";256;Gold;D
127-ECO9236;;0;"Apple iPad Pro 9.7"" Wifi";16;Pink Gold;D
127-ECO9237;;0;"Apple iPad Pro 9.7"" Wifi";32;Pink Gold;D
127-ECO9238;;0;"Apple iPad Pro 9.7"" Wifi";64;Pink Gold;D
127-ECO9239;;0;"Apple iPad Pro 9.7"" Wifi";128;Pink Gold;D
127-ECO9240;;0;"Apple iPad Pro 9.7"" Wifi";256;Pink Gold;D
127-BAS9241;;0;"Apple iPad Pro 9.7"" Wifi";16;Black;C
127-BAS9242;;0;"Apple iPad Pro 9.7"" Wifi";32;Black;C
127-BAS9243;;0;"Apple iPad Pro 9.7"" Wifi";64;Black;C
127-BAS9244;;0;"Apple iPad Pro 9.7"" Wifi";128;Black;C
127-BAS9245;;0;"Apple iPad Pro 9.7"" Wifi";256;Black;C
127-BAS9246;;0;"Apple iPad Pro 9.7"" Wifi";16;Silver;C
127-BAS9247;;0;"Apple iPad Pro 9.7"" Wifi";32;Silver;C
127-BAS9248;;0;"Apple iPad Pro 9.7"" Wifi";64;Silver;C
127-BAS9249;;0;"Apple iPad Pro 9.7"" Wifi";128;Silver;C
127-BAS9250;;0;"Apple iPad Pro 9.7"" Wifi";256;Silver;C
127-BAS9251;;0;"Apple iPad Pro 9.7"" Wifi";16;Grey;C
127-BAS9252;;0;"Apple iPad Pro 9.7"" Wifi";32;Grey;C
127-BAS9253;;0;"Apple iPad Pro 9.7"" Wifi";64;Grey;C
127-BAS9254;;0;"Apple iPad Pro 9.7"" Wifi";128;Grey;C
127-BAS9255;;0;"Apple iPad Pro 9.7"" Wifi";256;Grey;C
127-GOL9256;;0;"Apple iPad Pro 9.7"" Wifi";16;Gold;C
127-GOL9257;;0;"Apple iPad Pro 9.7"" Wifi";32;Gold;C
127-GOL9258;;0;"Apple iPad Pro 9.7"" Wifi";64;Gold;C
127-GOL9259;;0;"Apple iPad Pro 9.7"" Wifi";128;Gold;C
127-GOL9260;;0;"Apple iPad Pro 9.7"" Wifi";256;Gold;C
127-BAS9261;;0;"Apple iPad Pro 9.7"" Wifi";16;Pink Gold;C
127-BAS9262;;0;"Apple iPad Pro 9.7"" Wifi";32;Pink Gold;C
127-BAS9263;;0;"Apple iPad Pro 9.7"" Wifi";64;Pink Gold;C
127-BAS9264;;0;"Apple iPad Pro 9.7"" Wifi";128;Pink Gold;C
127-BAS9265;;0;"Apple iPad Pro 9.7"" Wifi";256;Pink Gold;C
127-MED9266;;0;"Apple iPad Pro 9.7"" Wifi";16;Black;B
127-MED9267;;0;"Apple iPad Pro 9.7"" Wifi";32;Black;B
127-MED9268;;0;"Apple iPad Pro 9.7"" Wifi";64;Black;B
127-MED9269;;0;"Apple iPad Pro 9.7"" Wifi";128;Black;B
127-MED9270;;0;"Apple iPad Pro 9.7"" Wifi";256;Black;B
127-MED9271;;0;"Apple iPad Pro 9.7"" Wifi";16;Silver;B
127-MED9272;;0;"Apple iPad Pro 9.7"" Wifi";32;Silver;B
127-MED9273;;0;"Apple iPad Pro 9.7"" Wifi";64;Silver;B
127-MED9274;;0;"Apple iPad Pro 9.7"" Wifi";128;Silver;B
127-MED9275;;0;"Apple iPad Pro 9.7"" Wifi";256;Silver;B
127-MED9276;;0;"Apple iPad Pro 9.7"" Wifi";16;Grey;B
127-MED9277;;0;"Apple iPad Pro 9.7"" Wifi";32;Grey;B
127-MED9278;;0;"Apple iPad Pro 9.7"" Wifi";64;Grey;B
127-MED9279;;0;"Apple iPad Pro 9.7"" Wifi";128;Grey;B
127-MED9280;;0;"Apple iPad Pro 9.7"" Wifi";256;Grey;B
127-GOL9281;;0;"Apple iPad Pro 9.7"" Wifi";16;Gold;B
127-GOL9282;;0;"Apple iPad Pro 9.7"" Wifi";32;Gold;B
127-GOL9283;;0;"Apple iPad Pro 9.7"" Wifi";64;Gold;B
127-GOL9284;;0;"Apple iPad Pro 9.7"" Wifi";128;Gold;B
127-GOL9285;;0;"Apple iPad Pro 9.7"" Wifi";256;Gold;B
127-MED9286;;0;"Apple iPad Pro 9.7"" Wifi";16;Pink Gold;B
127-MED9287;;0;"Apple iPad Pro 9.7"" Wifi";32;Pink Gold;B
127-MED9288;;0;"Apple iPad Pro 9.7"" Wifi";64;Pink Gold;B
127-MED9289;;0;"Apple iPad Pro 9.7"" Wifi";128;Pink Gold;B
127-MED9290;;0;"Apple iPad Pro 9.7"" Wifi";256;Pink Gold;B
127-PRE9291;;0;"Apple iPad Pro 9.7"" Wifi";16;Black;A
127-PRE9292;;0;"Apple iPad Pro 9.7"" Wifi";32;Black;A
127-PRE9293;;0;"Apple iPad Pro 9.7"" Wifi";64;Black;A
127-PRE9294;;0;"Apple iPad Pro 9.7"" Wifi";128;Black;A
127-PRE9295;;0;"Apple iPad Pro 9.7"" Wifi";256;Black;A
127-PRE9296;;0;"Apple iPad Pro 9.7"" Wifi";16;Silver;A
127-PRE9297;;0;"Apple iPad Pro 9.7"" Wifi";32;Silver;A
127-PRE9298;;0;"Apple iPad Pro 9.7"" Wifi";64;Silver;A
127-PRE9299;;0;"Apple iPad Pro 9.7"" Wifi";128;Silver;A
127-PRE9300;;0;"Apple iPad Pro 9.7"" Wifi";256;Silver;A
127-PRE9301;;0;"Apple iPad Pro 9.7"" Wifi";16;Grey;A
127-PRE9302;;0;"Apple iPad Pro 9.7"" Wifi";32;Grey;A
127-PRE9303;;0;"Apple iPad Pro 9.7"" Wifi";64;Grey;A
127-PRE9304;;0;"Apple iPad Pro 9.7"" Wifi";128;Grey;A
127-PRE9305;;0;"Apple iPad Pro 9.7"" Wifi";256;Grey;A
127-GOL9306;;0;"Apple iPad Pro 9.7"" Wifi";16;Gold;A
127-GOL9307;;0;"Apple iPad Pro 9.7"" Wifi";32;Gold;A
127-GOL9308;;0;"Apple iPad Pro 9.7"" Wifi";64;Gold;A
127-GOL9309;;0;"Apple iPad Pro 9.7"" Wifi";128;Gold;A
127-GOL9310;;0;"Apple iPad Pro 9.7"" Wifi";256;Gold;A
127-PRE9311;;0;"Apple iPad Pro 9.7"" Wifi";16;Pink Gold;A
127-PRE9312;;0;"Apple iPad Pro 9.7"" Wifi";32;Pink Gold;A
127-PRE9313;;0;"Apple iPad Pro 9.7"" Wifi";64;Pink Gold;A
127-PRE9314;;0;"Apple iPad Pro 9.7"" Wifi";128;Pink Gold;A
127-PRE9315;;0;"Apple iPad Pro 9.7"" Wifi";256;Pink Gold;A
128-ECO9416;;0;"Apple iPad Pro 12.9"" Wifi";16;Silver;D
128-ECO9417;;0;"Apple iPad Pro 12.9"" Wifi";32;Silver;D
128-ECO9418;;0;"Apple iPad Pro 12.9"" Wifi";64;Silver;D
128-ECO9419;;0;"Apple iPad Pro 12.9"" Wifi";128;Silver;D
128-ECO9420;;0;"Apple iPad Pro 12.9"" Wifi";256;Silver;D
128-GOL9421;;0;"Apple iPad Pro 12.9"" Wifi";16;Gold;D
128-GOL9422;;0;"Apple iPad Pro 12.9"" Wifi";32;Gold;D
128-GOL9423;;0;"Apple iPad Pro 12.9"" Wifi";64;Gold;D
128-GOL9424;;0;"Apple iPad Pro 12.9"" Wifi";128;Gold;D
128-GOL9425;;0;"Apple iPad Pro 12.9"" Wifi";256;Gold;D
128-ECO9426;;0;"Apple iPad Pro 12.9"" Wifi";16;Black;D
128-ECO9427;;0;"Apple iPad Pro 12.9"" Wifi";32;Black;D
128-ECO9428;;0;"Apple iPad Pro 12.9"" Wifi";64;Black;D
128-ECO9429;;0;"Apple iPad Pro 12.9"" Wifi";128;Black;D
128-ECO9430;;0;"Apple iPad Pro 12.9"" Wifi";256;Black;D
128-BAS9431;;0;"Apple iPad Pro 12.9"" Wifi";16;Silver;C
128-BAS9432;;0;"Apple iPad Pro 12.9"" Wifi";32;Silver;C
128-BAS9433;;0;"Apple iPad Pro 12.9"" Wifi";64;Silver;C
128-BAS9434;;0;"Apple iPad Pro 12.9"" Wifi";128;Silver;C
128-BAS9435;;0;"Apple iPad Pro 12.9"" Wifi";256;Silver;C
128-GOL9436;;0;"Apple iPad Pro 12.9"" Wifi";16;Gold;C
128-GOL9437;;0;"Apple iPad Pro 12.9"" Wifi";32;Gold;C
128-GOL9438;;0;"Apple iPad Pro 12.9"" Wifi";64;Gold;C
128-GOL9439;;0;"Apple iPad Pro 12.9"" Wifi";128;Gold;C
128-GOL9440;;0;"Apple iPad Pro 12.9"" Wifi";256;Gold;C
128-BAS9441;;0;"Apple iPad Pro 12.9"" Wifi";16;Black;C
128-BAS9442;;0;"Apple iPad Pro 12.9"" Wifi";32;Black;C
128-BAS9443;;0;"Apple iPad Pro 12.9"" Wifi";64;Black;C
128-BAS9444;;0;"Apple iPad Pro 12.9"" Wifi";128;Black;C
128-BAS9445;;0;"Apple iPad Pro 12.9"" Wifi";256;Black;C
128-MED9446;;0;"Apple iPad Pro 12.9"" Wifi";16;Silver;B
128-MED9447;;0;"Apple iPad Pro 12.9"" Wifi";32;Silver;B
128-MED9448;;0;"Apple iPad Pro 12.9"" Wifi";64;Silver;B
128-MED9449;;0;"Apple iPad Pro 12.9"" Wifi";128;Silver;B
128-MED9450;;0;"Apple iPad Pro 12.9"" Wifi";256;Silver;B
128-GOL9451;;0;"Apple iPad Pro 12.9"" Wifi";16;Gold;B
128-GOL9452;;0;"Apple iPad Pro 12.9"" Wifi";32;Gold;B
128-GOL9453;;0;"Apple iPad Pro 12.9"" Wifi";64;Gold;B
128-GOL9454;;0;"Apple iPad Pro 12.9"" Wifi";128;Gold;B
128-GOL9455;;0;"Apple iPad Pro 12.9"" Wifi";256;Gold;B
128-MED9456;;0;"Apple iPad Pro 12.9"" Wifi";16;Black;B
128-MED9457;;0;"Apple iPad Pro 12.9"" Wifi";32;Black;B
128-MED9458;;0;"Apple iPad Pro 12.9"" Wifi";64;Black;B
128-MED9459;;0;"Apple iPad Pro 12.9"" Wifi";128;Black;B
128-MED9460;;0;"Apple iPad Pro 12.9"" Wifi";256;Black;B
128-PRE9461;;0;"Apple iPad Pro 12.9"" Wifi";16;Silver;A
128-PRE9462;;0;"Apple iPad Pro 12.9"" Wifi";32;Silver;A
128-PRE9463;;0;"Apple iPad Pro 12.9"" Wifi";64;Silver;A
128-PRE9464;;0;"Apple iPad Pro 12.9"" Wifi";128;Silver;A
128-PRE9465;;0;"Apple iPad Pro 12.9"" Wifi";256;Silver;A
128-GOL9466;;0;"Apple iPad Pro 12.9"" Wifi";16;Gold;A
128-GOL9467;;0;"Apple iPad Pro 12.9"" Wifi";32;Gold;A
128-GOL9468;;0;"Apple iPad Pro 12.9"" Wifi";64;Gold;A
128-GOL9469;;0;"Apple iPad Pro 12.9"" Wifi";128;Gold;A
128-GOL9470;;0;"Apple iPad Pro 12.9"" Wifi";256;Gold;A
128-PRE9471;;0;"Apple iPad Pro 12.9"" Wifi";16;Black;A
128-PRE9472;;0;"Apple iPad Pro 12.9"" Wifi";32;Black;A
128-PRE9473;;0;"Apple iPad Pro 12.9"" Wifi";64;Black;A
128-PRE9474;;0;"Apple iPad Pro 12.9"" Wifi";128;Black;A
128-PRE9475;;0;"Apple iPad Pro 12.9"" Wifi";256;Black;A
129-ECO9476;;78261;Apple Watch Series 3;;Silver;D
129-ECO9477;;81120;Apple Watch Series 3;;Grey;D
129-GOL9478;;81110;Apple Watch Series 3;;Gold;D
129-ECO9479;;81115;Apple Watch Series 3;;Pink Gold;D
129-BAS9480;;78260;Apple Watch Series 3;;Silver;C
129-BAS9481;;81121;Apple Watch Series 3;;Grey;C
129-GOL9482;;81111;Apple Watch Series 3;;Gold;C
129-BAS9483;;81116;Apple Watch Series 3;;Pink Gold;C
129-MED9484;;78259;Apple Watch Series 3;;Silver;B
129-MED9485;;81122;Apple Watch Series 3;;Grey;B
129-GOL9486;;81112;Apple Watch Series 3;;Gold;B
129-MED9487;;81117;Apple Watch Series 3;;Pink Gold;B
129-PRE9488;;78257;Apple Watch Series 3;;Silver;A
129-PRE9489;;81123;Apple Watch Series 3;;Grey;A
129-GOL9490;;81113;Apple Watch Series 3;;Gold;A
129-PRE9491;;81118;Apple Watch Series 3;;Pink Gold;A
129-ECO9492;;78256;Apple Watch Series 3;;Silver;D
129-ECO9493;;81135;Apple Watch Series 3;;Grey;D
129-GOL9494;;81125;Apple Watch Series 3;;Gold;D
129-ECO9495;;81130;Apple Watch Series 3;;Pink Gold;D
129-BAS9496;;78255;Apple Watch Series 3;;Silver;C
129-BAS9497;;81136;Apple Watch Series 3;;Grey;C
129-GOL9498;;81126;Apple Watch Series 3;;Gold;C
129-BAS9499;;81131;Apple Watch Series 3;;Pink Gold;C
129-MED9500;;78254;Apple Watch Series 3;;Silver;B
129-MED9501;;81137;Apple Watch Series 3;;Grey;B
129-GOL9502;;81127;Apple Watch Series 3;;Gold;B
129-MED9503;;81132;Apple Watch Series 3;;Pink Gold;B
129-PRE9504;;78253;Apple Watch Series 3;;Silver;A
129-PRE9505;;81138;Apple Watch Series 3;;Grey;A
129-GOL9506;;81128;Apple Watch Series 3;;Gold;A
129-PRE9507;;81133;Apple Watch Series 3;;Pink Gold;A
21-PRE7132;;76311;Apple iPhone 6;32;Silver;A
21-MED7144;;76312;Apple iPhone 6;32;Silver;B
21-BAS7156;;76313;Apple iPhone 6;32;Silver;C
21-ECO7168;;76314;Apple iPhone 6;32;Silver;D
24-PRE7267;;19472;Apple iPhone 5s;32;Grey;A
29-PRE7550;;80495;Apple iPhone 7;32;Red;A
29-PRE7551;;80505;Apple iPhone 7;128;Red;A
29-PRE7552;;80510;Apple iPhone 7;256;Red;A
29-MED7568;;80494;Apple iPhone 7;32;Red;B
29-MED7569;;80504;Apple iPhone 7;128;Red;B
29-MED7570;;80509;Apple iPhone 7;256;Red;B
29-BAS7586;;80493;Apple iPhone 7;32;Red;C
29-BAS7587;;80503;Apple iPhone 7;128;Red;C
29-BAS7588;;80508;Apple iPhone 7;256;Red;C
29-ECO7604;;80492;Apple iPhone 7;32;Red;D
29-ECO7605;;80502;Apple iPhone 7;128;Red;D
29-ECO7606;;80507;Apple iPhone 7;256;Red;D
89-ECO9537;;79789;Samsung Galaxy S8 Plus;128;Silver;D
89-ECO9539;;79769;Samsung Galaxy S8 Plus;128;Black;D
89-ECO9541;;0;Samsung Galaxy S8 Plus;128;Blue;D
89-ECO9543;;0;Samsung Galaxy S8 Plus;128;Pink;D
89-ECO9545;;79783;Samsung Galaxy S8 Plus;128;Violet;D
89-BAS9547;;79790;Samsung Galaxy S8 Plus;128;Silver;C
89-BAS9549;;79770;Samsung Galaxy S8 Plus;128;Black;C
89-BAS9551;;0;Samsung Galaxy S8 Plus;128;Blue;C
89-BAS9553;;0;Samsung Galaxy S8 Plus;128;Pink;C
89-BAS9555;;79782;Samsung Galaxy S8 Plus;128;Violet;C
89-MED9557;;79791;Samsung Galaxy S8 Plus;128;Silver;B
89-MED9559;;79771;Samsung Galaxy S8 Plus;128;Black;B
89-MED9561;;0;Samsung Galaxy S8 Plus;128;Blue;B
89-MED9563;;0;Samsung Galaxy S8 Plus;128;Pink;B
89-MED9565;;79781;Samsung Galaxy S8 Plus;128;Violet;B
89-PRE9567;;79780;Samsung Galaxy S8 Plus;128;Silver;A
89-PRE9569;;79772;Samsung Galaxy S8 Plus;128;Black;A
89-PRE9571;;0;Samsung Galaxy S8 Plus;128;Blue;A
89-PRE9573;;0;Samsung Galaxy S8 Plus;128;Pink;A
89-PRE9575;;79780;Samsung Galaxy S8 Plus;128;Violet;A
90-ECO8805;;81090;Apple Watch Series 1;;Grey;D
90-GOL8806;;81080;Apple Watch Series 1;;Gold;D
90-ECO8807;;81085;Apple Watch Series 1;;Pink Gold;D
90-BAS8809;;81091;Apple Watch Series 1;;Grey;C
90-GOL8810;;81081;Apple Watch Series 1;;Gold;C
90-BAS8811;;81086;Apple Watch Series 1;;Pink Gold;C
90-MED8813;;81092;Apple Watch Series 1;;Grey;B
90-GOL8814;;81082;Apple Watch Series 1;;Gold;B
90-MED8815;;81087;Apple Watch Series 1;;Pink Gold;B
90-PRE8817;;81093;Apple Watch Series 1;;Grey;A
90-GOL8818;;81083;Apple Watch Series 1;;Gold;A
90-PRE8819;;81088;Apple Watch Series 1;;Pink Gold;A
90-ECO8821;;81105;Apple Watch Series 1;;Grey;D
90-GOL8822;;81095;Apple Watch Series 1;;Gold;D
90-ECO8823;;81100;Apple Watch Series 1;;Pink Gold;D
90-BAS8825;;81106;Apple Watch Series 1;;Grey;C
90-GOL8826;;81096;Apple Watch Series 1;;Gold;C
90-BAS8827;;81101;Apple Watch Series 1;;Pink Gold;C
90-MED8829;;81107;Apple Watch Series 1;;Grey;B
90-GOL8830;;81097;Apple Watch Series 1;;Gold;B
90-MED8831;;81102;Apple Watch Series 1;;Pink Gold;B
90-PRE8833;;81108;Apple Watch Series 1;;Grey;A
90-GOL8834;;81098;Apple Watch Series 1;;Gold;A
90-PRE8835;;81103;Apple Watch Series 1;;Pink Gold;A
91-ECO8854;;81120;Apple Watch Series 2;;Grey;D
91-GOL8855;;81110;Apple Watch Series 2;;Gold;D
91-ECO8856;;81115;Apple Watch Series 2;;Pink Gold;D
91-BAS8858;;81121;Apple Watch Series 2;;Grey;C
91-GOL8859;;81111;Apple Watch Series 2;;Gold;C
91-BAS8860;;81116;Apple Watch Series 2;;Pink Gold;C
91-MED8862;;81122;Apple Watch Series 2;;Grey;B
91-GOL8863;;81112;Apple Watch Series 2;;Gold;B
91-MED8864;;81117;Apple Watch Series 2;;Pink Gold;B
91-PRE8866;;81123;Apple Watch Series 2;;Grey;A
91-GOL8867;;81113;Apple Watch Series 2;;Gold;A
91-PRE8868;;81118;Apple Watch Series 2;;Pink Gold;A
91-ECO8870;;81135;Apple Watch Series 2;;Grey;D
91-GOL8871;;81125;Apple Watch Series 2;;Gold;D
91-ECO8872;;81130;Apple Watch Series 2;;Pink Gold;D
91-BAS8874;;81136;Apple Watch Series 2;;Grey;C
91-GOL8875;;81126;Apple Watch Series 2;;Gold;C
91-BAS8876;;81131;Apple Watch Series 2;;Pink Gold;C
91-MED8878;;81137;Apple Watch Series 2;;Grey;B
91-GOL8879;;81127;Apple Watch Series 2;;Gold;B
91-MED8880;;81132;Apple Watch Series 2;;Pink Gold;B
91-PRE8882;;81138;Apple Watch Series 2;;Grey;A
91-GOL8883;;81128;Apple Watch Series 2;;Gold;A
91-PRE8884;;81133;Apple Watch Series 2;;Pink Gold;A
95-ECO8721;;81045;Apple Watch Original;;Grey;D
95-GOL8722;;81040;Apple Watch Original;;Gold;D
95-ECO8723;;81050;Apple Watch Original;;Pink Gold;D
95-BAS8725;;81046;Apple Watch Original;;Grey;C
95-GOL8726;;81041;Apple Watch Original;;Gold;C
95-BAS8727;;81051;Apple Watch Original;;Pink Gold;C
95-MED8729;;81047;Apple Watch Original;;Grey;B
95-GOL8730;;81042;Apple Watch Original;;Gold;B
95-MED8731;;81052;Apple Watch Original;;Pink Gold;B
95-PRE8733;;81048;Apple Watch Original;;Grey;A
95-GOL8734;;81043;Apple Watch Original;;Gold;A
95-PRE8735;;81053;Apple Watch Original;;Pink Gold;A
95-ECO8737;;81065;Apple Watch Original;;Grey;D
95-GOL8738;;81055;Apple Watch Original;;Gold;D
95-ECO8739;;81060;Apple Watch Original;;Pink Gold;D
95-BAS8741;;81066;Apple Watch Original;;Grey;C
95-GOL8742;;81056;Apple Watch Original;;Gold;C
95-BAS8743;;81061;Apple Watch Original;;Pink Gold;C
95-MED8745;;81067;Apple Watch Original;;Grey;B
95-GOL8746;;81057;Apple Watch Original;;Gold;B
95-MED8747;;81062;Apple Watch Original;;Pink Gold;B
95-PRE8749;;81068;Apple Watch Original;;Grey;A
95-GOL8750;;81058;Apple Watch Original;;Gold;A
95-PRE8751;;81063;Apple Watch Original;;Pink Gold;A
107-32 8712;;83037;Google Pixel XL;32;Silver;Prestige (A+)
107-1288713;;83036;Google Pixel XL;128;Silver;Prestige (A+)
107-32 8714;;39788;Google Pixel XL;32;Black;Prestige (A+)
107-1288715;;83034;Google Pixel XL;128;Black;Prestige (A+)
108-ECO8784;;81075;Apple Watch Original acier inoxydable;;Black;D
108-BAS8786;;81076;Apple Watch Original acier inoxydable;;Black;C
108-MED8788;;81077;Apple Watch Original acier inoxydable;;Black;B
108-PRE8790;;81078;Apple Watch Original acier inoxydable;;Black;A
108-ECO8792;;81070;Apple Watch Original acier inoxydable;;Black;D
108-BAS8794;;81071;Apple Watch Original acier inoxydable;;Black;C
108-MED8796;;81072;Apple Watch Original acier inoxydable;;Black;B
108-PRE8798;;81073;Apple Watch Original acier inoxydable;;Black;A
109-ECO8837;;81150;Apple Watch series 2 acier inoxydable;;Black;D
109-BAS8839;;81151;Apple Watch series 2 acier inoxydable;;Black;C
109-MED8841;;81152;Apple Watch series 2 acier inoxydable;;Black;B
109-PRE8843;;81153;Apple Watch series 2 acier inoxydable;;Black;A
109-ECO8845;;81155;Apple Watch series 2 acier inoxydable;;Black;D
109-BAS8847;;81156;Apple Watch series 2 acier inoxydable;;Black;C
109-MED8849;;81157;Apple Watch series 2 acier inoxydable;;Black;B
109-PRE8851;;81158;Apple Watch series 2 acier inoxydable;;Black;A
110-ECO8917;;81234;Apple iPhone 3G;8;Black;D
110-ECO8918;;81224;Apple iPhone 3G;16;Black;D
110-ECO8919;;0;Apple iPhone 3G;8;White;D
110-ECO8920;;80755;Apple iPhone 3G;16;White;D
110-BAS8921;;81235;Apple iPhone 3G;8;Black;C
110-BAS8922;;81225;Apple iPhone 3G;16;Black;C
110-BAS8923;;0;Apple iPhone 3G;8;White;C
110-BAS8924;;80756;Apple iPhone 3G;16;White;C
110-MED8925;;81236;Apple iPhone 3G;8;Black;B
110-MED8926;;81226;Apple iPhone 3G;16;Black;B
110-MED8927;;0;Apple iPhone 3G;8;White;B
110-MED8928;;80757;Apple iPhone 3G;16;White;B
110-PRE8929;;81237;Apple iPhone 3G;8;Black;A
110-PRE8930;;81227;Apple iPhone 3G;16;Black;A
110-PRE8931;;0;Apple iPhone 3G;8;White;A
110-PRE8932;;80758;Apple iPhone 3G;16;White;A
111-ECO8933;;81251;Apple iPhone 3G S;16;Black;D
111-ECO8934;;81229;Apple iPhone 3G S;32;Black;D
111-ECO8935;;81255;Apple iPhone 3G S;16;White;D
111-ECO8936;;80760;Apple iPhone 3G S;32;White;D
111-BAS8937;;81249;Apple iPhone 3G S;16;Black;C
111-BAS8938;;81230;Apple iPhone 3G S;32;Black;C
111-BAS8939;;81250;Apple iPhone 3G S;16;White;C
111-BAS8940;;80761;Apple iPhone 3G S;32;White;C
111-MED8941;;81252;Apple iPhone 3G S;16;Black;B
111-MED8942;;81231;Apple iPhone 3G S;32;Black;B
111-MED8943;;81256;Apple iPhone 3G S;16;White;B
111-MED8944;;80762;Apple iPhone 3G S;32;White;B
111-PRE8945;;81253;Apple iPhone 3G S;16;Black;A
111-PRE8946;;81232;Apple iPhone 3G S;32;Black;A
111-PRE8947;;81257;Apple iPhone 3G S;16;White;A
111-PRE8948;;80763;Apple iPhone 3G S;32;White;A
120-PRE9020;;80145;Apple iPad 3 Wifi + 4G;32;Silver;A
120-PRE9021;;80155;Apple iPad 3 Wifi + 4G;64;Silver;A
120-PRE9022;;80130;Apple iPad 3 Wifi + 4G;16;Black;A
120-PRE9023;;80140;Apple iPad 3 Wifi + 4G;32;Black;A
120-PRE9024;;80150;Apple iPad 3 Wifi + 4G;64;Black;A
120-MED9025;;80136;Apple iPad 3 Wifi + 4G;16;Silver;B
120-MED9026;;80146;Apple iPad 3 Wifi + 4G;32;Silver;B
120-MED9027;;80156;Apple iPad 3 Wifi + 4G;64;Silver;B
120-MED9028;;80131;Apple iPad 3 Wifi + 4G;16;Black;B
120-MED9029;;80141;Apple iPad 3 Wifi + 4G;32;Black;B
120-MED9030;;80151;Apple iPad 3 Wifi + 4G;64;Black;B
120-BAS9031;;80137;Apple iPad 3 Wifi + 4G;16;Silver;C
120-BAS9032;;80147;Apple iPad 3 Wifi + 4G;32;Silver;C
120-BAS9033;;80157;Apple iPad 3 Wifi + 4G;64;Silver;C
120-BAS9034;;80132;Apple iPad 3 Wifi + 4G;16;Black;C
120-BAS9035;;80142;Apple iPad 3 Wifi + 4G;32;Black;C
120-BAS9036;;80152;Apple iPad 3 Wifi + 4G;64;Black;C
120-ECO9037;;80138;Apple iPad 3 Wifi + 4G;16;Silver;D
120-ECO9038;;80148;Apple iPad 3 Wifi + 4G;32;Silver;D
120-ECO9039;;80158;Apple iPad 3 Wifi + 4G;64;Silver;D
120-ECO9040;;80133;Apple iPad 3 Wifi + 4G;16;Black;D
120-ECO9041;;80143;Apple iPad 3 Wifi + 4G;32;Black;D
120-ECO9042;;80153;Apple iPad 3 Wifi + 4G;64;Black;D
120-PRE9043;;80135;Apple iPad 3 Wifi + 4G;16;Silver;A
121-PRE9044;;80165;Apple iPad 4 Wifi + 4G;16;Silver;A
121-PRE9045;;80175;Apple iPad 4 Wifi + 4G;32;Silver;A
121-PRE9047;;80160;Apple iPad 4 Wifi + 4G;16;Black;A
121-PRE9048;;80170;Apple iPad 4 Wifi + 4G;32;Black;A
121-PRE9049;;80188;Apple iPad 4 Wifi + 4G;64;Black;A
121-MED9050;;80166;Apple iPad 4 Wifi + 4G;16;Silver;B
121-MED9051;;80176;Apple iPad 4 Wifi + 4G;32;Silver;B
121-MED9052;;80185;Apple iPad 4 Wifi + 4G;64;Silver;B
121-MED9053;;80161;Apple iPad 4 Wifi + 4G;16;Black;B
121-MED9054;;80171;Apple iPad 4 Wifi + 4G;32;Black;B
121-MED9055;;80181;Apple iPad 4 Wifi + 4G;64;Black;B
121-BAS9056;;80167;Apple iPad 4 Wifi + 4G;16;Silver;C
121-BAS9057;;80177;Apple iPad 4 Wifi + 4G;32;Silver;C
121-BAS9058;;80186;Apple iPad 4 Wifi + 4G;64;Silver;C
121-BAS9059;;80162;Apple iPad 4 Wifi + 4G;16;Black;C
121-BAS9060;;80172;Apple iPad 4 Wifi + 4G;32;Black;C
121-BAS9061;;80182;Apple iPad 4 Wifi + 4G;64;Black;C
121-ECO9062;;80168;Apple iPad 4 Wifi + 4G;16;Silver;D
121-ECO9063;;80178;Apple iPad 4 Wifi + 4G;32;Silver;D
121-ECO9064;;80187;Apple iPad 4 Wifi + 4G;64;Silver;D
121-ECO9065;;80163;Apple iPad 4 Wifi + 4G;16;Black;D
121-ECO9066;;80173;Apple iPad 4 Wifi + 4G;32;Black;D
121-ECO9067;;80183;Apple iPad 4 Wifi + 4G;64;Black;D
122-PRE9068;;80205;Apple iPad Air Wifi + 4G;16;Silver;A
122-PRE9069;;80260;Apple iPad Air Wifi + 4G;32;Silver;A
122-PRE9070;;80270;Apple iPad Air Wifi + 4G;64;Silver;A
122-PRE9071;;80195;Apple iPad Air Wifi + 4G;128;Silver;A
122-PRE9072;;80200;Apple iPad Air Wifi + 4G;16;Black;A
122-PRE9073;;80255;Apple iPad Air Wifi + 4G;32;Black;A
122-PRE9074;;80265;Apple iPad Air Wifi + 4G;64;Black;A
122-PRE9075;;80190;Apple iPad Air Wifi + 4G;128;Black;A
122-MED9076;;80206;Apple iPad Air Wifi + 4G;16;Silver;B
122-MED9077;;80261;Apple iPad Air Wifi + 4G;32;Silver;B
122-MED9078;;80271;Apple iPad Air Wifi + 4G;64;Silver;B
122-MED9079;;80196;Apple iPad Air Wifi + 4G;128;Silver;B
122-MED9080;;80201;Apple iPad Air Wifi + 4G;16;Black;B
122-MED9081;;80256;Apple iPad Air Wifi + 4G;32;Black;B
122-MED9082;;80266;Apple iPad Air Wifi + 4G;64;Black;B
122-MED9083;;80191;Apple iPad Air Wifi + 4G;128;Black;B
122-BAS9084;;80207;Apple iPad Air Wifi + 4G;16;Silver;C
122-BAS9085;;80262;Apple iPad Air Wifi + 4G;32;Silver;C
122-BAS9086;;80272;Apple iPad Air Wifi + 4G;64;Silver;C
122-BAS9087;;80197;Apple iPad Air Wifi + 4G;128;Silver;C
122-BAS9088;;80202;Apple iPad Air Wifi + 4G;16;Black;C
122-BAS9089;;80257;Apple iPad Air Wifi + 4G;32;Black;C
122-BAS9090;;80267;Apple iPad Air Wifi + 4G;64;Black;C
122-BAS9091;;80192;Apple iPad Air Wifi + 4G;128;Black;C
122-ECO9092;;80208;Apple iPad Air Wifi + 4G;16;Silver;D
122-ECO9093;;80263;Apple iPad Air Wifi + 4G;32;Silver;D
122-ECO9094;;80273;Apple iPad Air Wifi + 4G;64;Silver;D
122-ECO9095;;80198;Apple iPad Air Wifi + 4G;128;Silver;D
122-ECO9096;;80203;Apple iPad Air Wifi + 4G;16;Black;D
122-ECO9097;;80258;Apple iPad Air Wifi + 4G;32;Black;D
122-ECO9098;;80268;Apple iPad Air Wifi + 4G;64;Black;D
122-ECO9099;;80193;Apple iPad Air Wifi + 4G;128;Black;D
