reference;IDP;Model;Capacity;Color;Grade;Ireland Stock
18-BAS1224;31180;iPhone 6S;16;Silver;Grade C;0
18-BAS1225;74815;iPhone 6S;32;Silver;Grade C;0
18-BAS1226;33291;iPhone 6S;64;Silver;Grade C;0
18-BAS1227;43918;iPhone 6S;128;Silver;Grade C;7
18-BAS1228;31182;iPhone 6S;16;Pink;Grade C;0
18-BAS1229;74805;iPhone 6S;32;Pink;Grade C;325
18-BAS1230;33316;iPhone 6S;64;Pink;Grade C;8
18-BAS1231;43903;iPhone 6S;128;Pink;Grade C;57
18-BAS1232;30743;iPhone 6S;16;Gold;Grade C;0
18-BAS1233;74810;iPhone 6S;32;Gold;Grade C;15
18-BAS1234;33280;iPhone 6S;64;Gold;Grade C;0
18-BAS1235;43932;iPhone 6S;128;Gold;Grade C;18
18-BAS1236;31178;iPhone 6S;16;Grey;Grade C;0
18-BAS1237;74798;iPhone 6S;32;Grey;Grade C;238
18-BAS1238;33259;iPhone 6S;64;Grey;Grade C;168
18-BAS1239;43914;iPhone 6S;128;Grey;Grade C;230
18-ECO1240;26387;iPhone 6S;16;Silver;Grade D;0
18-ECO1241;74816;iPhone 6S;32;Silver;Grade D;0
18-ECO1242;33293;iPhone 6S;64;Silver;Grade D;2
18-ECO1243;43919;iPhone 6S;128;Silver;Grade D;4
18-ECO1244;31253;iPhone 6S;16;Pink;Grade D;0
18-ECO1245;74806;iPhone 6S;32;Pink;Grade D;23
18-ECO1246;33318;iPhone 6S;64;Pink;Grade D;73
18-ECO1247;43904;iPhone 6S;128;Pink;Grade D;27
18-ECO1248;31013;iPhone 6S;16;Gold;Grade D;0
18-ECO1249;74811;iPhone 6S;32;Gold;Grade D;3
18-ECO1250;33283;iPhone 6S;64;Gold;Grade D;0
18-ECO1251;43934;iPhone 6S;128;Gold;Grade D;1
18-ECO1252;31214;iPhone 6S;16;Grey;Grade D;0
18-ECO1253;74799;iPhone 6S;32;Grey;Grade D;100
18-ECO1254;33265;iPhone 6S;64;Grey;Grade D;72
18-ECO1255;43915;iPhone 6S;128;Grey;Grade D;56
18-MED1208;26386;iPhone 6S;16;Silver;Grade B;0
18-MED1209;74814;iPhone 6S;32;Silver;Grade B;0
18-MED1210;38582;iPhone 6S;64;Silver;Grade B;0
18-MED1211;43917;iPhone 6S;128;Silver;Grade B;0
18-MED1212;31252;iPhone 6S;16;Pink;Grade B;0
18-MED1213;74803;iPhone 6S;32;Pink;Grade B;40
18-MED1214;33310;iPhone 6S;64;Pink;Grade B;0
18-MED1215;43901;iPhone 6S;128;Pink;Grade B;10
18-MED1216;38975;iPhone 6S;16;Gold;Grade B;4
18-MED1217;74809;iPhone 6S;32;Gold;Grade B;7
18-MED1218;39252;iPhone 6S;64;Gold;Grade B;0
18-MED1219;43933;iPhone 6S;128;Gold;Grade B;1
18-MED1220;31208;iPhone 6S;16;Grey;Grade B;0
18-MED1221;74797;iPhone 6S;32;Grey;Grade B;0
18-MED1222;41182;iPhone 6S;64;Grey;Grade B;0
18-MED1223;43913;iPhone 6S;128;Grey;Grade B;4
18-PRE1192;7207;iPhone 6S;16;Silver;Grade A;0
18-PRE1193;74813;iPhone 6S;32;Silver;Grade A;0
18-PRE1194;33289;iPhone 6S;64;Silver;Grade A;3
18-PRE1195;51805;iPhone 6S;128;Silver;Grade A;3
18-PRE1196;31261;iPhone 6S;16;Pink;Grade A;0
18-PRE1197;74802;iPhone 6S;32;Pink;Grade A;6
18-PRE1198;37356;iPhone 6S;64;Pink;Grade A;381
18-PRE1199;51808;iPhone 6S;128;Pink;Grade A;3
18-PRE1200;31009;iPhone 6S;16;Gold;Grade A;0
18-PRE1201;74808;iPhone 6S;32;Gold;Grade A;0
18-PRE1202;49225;iPhone 6S;64;Gold;Grade A;5
18-PRE1203;51204;iPhone 6S;128;Gold;Grade A;0
18-PRE1204;33282;iPhone 6S;16;Grey;Grade A;0
18-PRE1205;74795;iPhone 6S;32;Grey;Grade A;0
18-PRE1206;51806;iPhone 6S;64;Grey;Grade A;0
18-PRE1207;51807;iPhone 6S;128;Grey;Grade A;1
19-BAS184;16271;iPhone 4S;8;White;Grade C;0
19-BAS185;7064;iPhone 4S;16;White;Grade C;0
19-BAS186;19575;iPhone 4S;32;White;Grade C;0
19-BAS187;27996;iPhone 4S;8;Black;Grade C;0
19-BAS188;7127;iPhone 4S;16;Black;Grade C;0
19-BAS189;19571;iPhone 4S;32;Black;Grade C;0
19-ECO190;20485;iPhone 4S;8;White;Grade D;0
19-ECO191;30501;iPhone 4S;16;White;Grade D;0
19-ECO192;19588;iPhone 4S;32;White;Grade D;0
19-ECO193;29398;iPhone 4S;8;Black;Grade D;0
19-ECO194;37573;iPhone 4S;16;Black;Grade D;0
19-ECO195;19584;iPhone 4S;32;Black;Grade D;0
19-MED178;20484;iPhone 4S;8;White;Grade B;0
19-MED179;19371;iPhone 4S;16;White;Grade B;0
19-MED180;7056;iPhone 4S;32;White;Grade B;0
19-MED181;16270;iPhone 4S;8;Black;Grade B;0
19-MED182;19367;iPhone 4S;16;Black;Grade B;0
19-MED183;7749;iPhone 4S;32;Black;Grade B;0
19-PRE172;20483;iPhone 4S;8;White;Grade A;0
19-PRE173;19370;iPhone 4S;16;White;Grade A;0
19-PRE174;19586;iPhone 4S;32;White;Grade A;0
19-PRE175;19374;iPhone 4S;8;Black;Grade A;0
19-PRE176;19648;iPhone 4S;16;Black;Grade A;0
19-PRE177;19582;iPhone 4S;32;Black;Grade A;0
20-BAS204;7040;iPhone 4;8;White;Grade C;0
20-BAS205;7088;iPhone 4;16;White;Grade C;0
20-BAS206;7072;iPhone 4;8;Black;Grade C;0
20-BAS207;7750;iPhone 4;16;Black;Grade C;0
20-ECO208;19364;iPhone 4;8;White;Grade D;0
20-ECO209;20496;iPhone 4;16;White;Grade D;0
20-ECO210;19580;iPhone 4;8;Black;Grade D;0
20-ECO211;30512;iPhone 4;16;Black;Grade D;0
20-MED200;20495;iPhone 4;8;White;Grade B;0
20-MED201;20497;iPhone 4;16;White;Grade B;0
20-MED202;19579;iPhone 4;8;Black;Grade B;0
20-MED203;19351;iPhone 4;16;Black;Grade B;0
20-PRE196;19644;iPhone 4;8;White;Grade A;0
20-PRE197;19354;iPhone 4;16;White;Grade A;0
20-PRE198;19358;iPhone 4;8;Black;Grade A;0
20-PRE199;19350;iPhone 4;16;Black;Grade A;0
21-BAS236;13454;iPhone 6;16;Grey;Grade C;0
21-BAS237;74972;iPhone 6;32;Grey;Grade C;0
21-BAS238;15958;iPhone 6;64;Grey;Grade C;0
21-BAS239;15053;iPhone 6;128;Grey;Grade C;0
21-BAS240;13455;iPhone 6;16;Silver;Grade C;0
21-BAS242;15956;iPhone 6;64;Silver;Grade C;0
21-BAS243;15047;iPhone 6;128;Silver;Grade C;0
21-BAS244;29527;iPhone 6;16;Gold;Grade C;0
21-BAS245;74995;iPhone 6;32;Gold;Grade C;0
21-BAS246;15962;iPhone 6;64;Gold;Grade C;0
21-BAS247;15057;iPhone 6;128;Gold;Grade C;0
21-ECO248;68703;iPhone 6;16;Grey;Grade D;0
21-ECO249;74982;iPhone 6;32;Grey;Grade D;0
21-ECO250;19519;iPhone 6;64;Grey;Grade D;0
21-ECO251;19495;iPhone 6;128;Grey;Grade D;0
21-ECO252;19515;iPhone 6;16;Silver;Grade D;0
21-ECO254;19527;iPhone 6;64;Silver;Grade D;0
21-ECO255;19503;iPhone 6;128;Silver;Grade D;0
21-ECO256;19510;iPhone 6;16;Gold;Grade D;0
21-ECO257;74996;iPhone 6;32;Gold;Grade D;0
21-ECO258;19523;iPhone 6;64;Gold;Grade D;0
21-ECO259;19499;iPhone 6;128;Gold;Grade D;0
21-MED224;58245;iPhone 6;16;Grey;Grade B;0
21-MED225;74970;iPhone 6;32;Grey;Grade B;0
21-MED226;19518;iPhone 6;64;Grey;Grade B;0
21-MED227;37377;iPhone 6;128;Grey;Grade B;0
21-MED228;19512;iPhone 6;16;Silver;Grade B;0
21-MED230;19526;iPhone 6;64;Silver;Grade B;0
21-MED231;19502;iPhone 6;128;Silver;Grade B;0
21-MED232;13466;iPhone 6;16;Gold;Grade B;0
21-MED233;74994;iPhone 6;32;Gold;Grade B;19
21-MED234;19521;iPhone 6;64;Gold;Grade B;2
21-MED235;19498;iPhone 6;128;Gold;Grade B;0
21-PRE212;19276;iPhone 6;16;Grey;Grade A;0
21-PRE213;17536;iPhone 6;32;Grey;Grade A;0
21-PRE214;19517;iPhone 6;64;Grey;Grade A;0
21-PRE215;19493;iPhone 6;128;Grey;Grade A;0
21-PRE216;37363;iPhone 6;16;Silver;Grade A;0
21-PRE218;19525;iPhone 6;64;Silver;Grade A;0
21-PRE219;19501;iPhone 6;128;Silver;Grade A;0
21-PRE220;19508;iPhone 6;16;Gold;Grade A;60
21-PRE221;74993;iPhone 6;32;Gold;Grade A;0
21-PRE222;52063;iPhone 6;64;Gold;Grade A;3
21-PRE223;19497;iPhone 6;128;Gold;Grade A;0
22-BAS272;6988;iPhone 5;16;White;Grade C;94
22-BAS273;27941;iPhone 5;32;White;Grade C;0
22-BAS274;34827;iPhone 5;64;White;Grade C;0
22-BAS275;6987;iPhone 5;16;Black;Grade C;446
22-BAS276;16059;iPhone 5;32;Black;Grade C;0
22-BAS277;35566;iPhone 5;64;Black;Grade C;0
22-ECO278;30011;iPhone 5;16;White;Grade D;222
22-ECO279;19392;iPhone 5;32;White;Grade D;0
22-ECO280;38298;iPhone 5;64;White;Grade D;0
22-ECO281;19380;iPhone 5;16;Black;Grade D;287
22-ECO282;19388;iPhone 5;32;Black;Grade D;0
22-ECO283;46011;iPhone 5;64;Black;Grade D;0
22-MED266;19383;iPhone 5;16;White;Grade B;0
22-MED267;16058;iPhone 5;32;White;Grade B;0
22-MED268;38297;iPhone 5;64;White;Grade B;0
22-MED269;19379;iPhone 5;16;Black;Grade B;0
22-MED270;19387;iPhone 5;32;Black;Grade B;0
22-MED271;46008;iPhone 5;64;Black;Grade B;0
22-PRE260;19382;iPhone 5;16;White;Grade A;0
22-PRE261;19390;iPhone 5;32;White;Grade A;0
22-PRE262;51582;iPhone 5;64;White;Grade A;0
22-PRE263;19633;iPhone 5;16;Black;Grade A;0
22-PRE264;19386;iPhone 5;32;Black;Grade A;0
22-PRE265;51581;iPhone 5;64;Black;Grade A;0
23-BAS314;16658;iPhone 5C;8;White;Grade C;0
23-BAS315;13429;iPhone 5C;16;White;Grade C;0
23-BAS316;16053;iPhone 5C;32;White;Grade C;0
23-BAS317;16654;iPhone 5C;8;Blue;Grade C;0
23-BAS318;13416;iPhone 5C;16;Blue;Grade C;0
23-BAS319;16052;iPhone 5C;32;Blue;Grade C;0
23-BAS320;17844;iPhone 5C;8;Green;Grade C;0
23-BAS321;13413;iPhone 5C;16;Green;Grade C;0
23-BAS322;16055;iPhone 5C;32;Green;Grade C;0
23-BAS323;16656;iPhone 5C;8;Yellow;Grade C;0
23-BAS324;13405;iPhone 5C;16;Yellow;Grade C;1
23-BAS325;16054;iPhone 5C;32;Yellow;Grade C;0
23-BAS326;28674;iPhone 5C;8;Pink;Grade C;0
23-BAS327;13391;iPhone 5C;16;Pink;Grade C;0
23-BAS328;16056;iPhone 5C;32;Pink;Grade C;141
23-ECO329;19436;iPhone 5C;8;White;Grade D;0
23-ECO330;53140;iPhone 5C;16;White;Grade D;204
23-ECO331;19416;iPhone 5C;32;White;Grade D;0
23-ECO332;19440;iPhone 5C;8;Blue;Grade D;0
23-ECO333;30506;iPhone 5C;16;Blue;Grade D;25
23-ECO334;30514;iPhone 5C;32;Blue;Grade D;0
23-ECO335;19454;iPhone 5C;8;Green;Grade D;0
23-ECO336;30511;iPhone 5C;16;Green;Grade D;13
23-ECO337;19432;iPhone 5C;32;Green;Grade D;0
23-ECO338;19445;iPhone 5C;8;Yellow;Grade D;0
23-ECO339;19404;iPhone 5C;16;Yellow;Grade D;0
23-ECO340;19424;iPhone 5C;32;Yellow;Grade D;0
23-ECO341;19449;iPhone 5C;8;Pink;Grade D;0
23-ECO342;30510;iPhone 5C;16;Pink;Grade D;0
23-ECO343;30515;iPhone 5C;32;Pink;Grade D;31
23-MED299;19435;iPhone 5C;8;White;Grade B;0
23-MED300;19395;iPhone 5C;16;White;Grade B;0
23-MED301;19415;iPhone 5C;32;White;Grade B;0
23-MED302;19439;iPhone 5C;8;Blue;Grade B;0
23-MED303;19399;iPhone 5C;16;Blue;Grade B;0
23-MED304;19419;iPhone 5C;32;Blue;Grade B;0
23-MED305;16657;iPhone 5C;8;Green;Grade B;0
23-MED306;19411;iPhone 5C;16;Green;Grade B;0
23-MED307;19430;iPhone 5C;32;Green;Grade B;0
23-MED308;19444;iPhone 5C;8;Yellow;Grade B;0
23-MED309;19403;iPhone 5C;16;Yellow;Grade B;0
23-MED310;19423;iPhone 5C;32;Yellow;Grade B;0
23-MED311;16655;iPhone 5C;8;Pink;Grade B;0
23-MED312;29528;iPhone 5C;16;Pink;Grade B;0
23-MED313;19427;iPhone 5C;32;Pink;Grade B;0
23-PRE284;19434;iPhone 5C;8;White;Grade A;0
23-PRE285;19394;iPhone 5C;16;White;Grade A;0
23-PRE286;19414;iPhone 5C;32;White;Grade A;0
23-PRE287;19438;iPhone 5C;8;Blue;Grade A;0
23-PRE288;19655;iPhone 5C;16;Blue;Grade A;0
23-PRE289;19418;iPhone 5C;32;Blue;Grade A;0
23-PRE290;24563;iPhone 5C;8;Green;Grade A;0
23-PRE291;21021;iPhone 5C;16;Green;Grade A;0
23-PRE292;24242;iPhone 5C;32;Green;Grade A;0
23-PRE293;19442;iPhone 5C;8;Yellow;Grade A;0
23-PRE294;19402;iPhone 5C;16;Yellow;Grade A;0
23-PRE295;19422;iPhone 5C;32;Yellow;Grade A;0
23-PRE296;19447;iPhone 5C;8;Pink;Grade A;0
23-PRE297;19664;iPhone 5C;16;Pink;Grade A;0
23-PRE298;19426;iPhone 5C;32;Pink;Grade A;0
24-BAS362;9661;iPhone 5S;16;Grey;Grade C;0
24-BAS363;15945;iPhone 5S;32;Grey;Grade C;0
24-BAS364;16273;iPhone 5S;64;Grey;Grade C;0
24-BAS365;9660;iPhone 5S;16;Silver;Grade C;0
24-BAS366;16051;iPhone 5S;32;Silver;Grade C;0
24-BAS367;16272;iPhone 5S;64;Silver;Grade C;0
24-BAS368;9659;iPhone 5S;16;Gold;Grade C;0
24-BAS369;15952;iPhone 5S;32;Gold;Grade C;0
24-BAS370;16443;iPhone 5S;64;Gold;Grade C;0
24-ECO371;19458;iPhone 5S;16;Grey;Grade D;0
24-ECO372;19474;iPhone 5S;32;Grey;Grade D;0
24-ECO373;30502;iPhone 5S;64;Grey;Grade D;0
24-ECO374;30516;iPhone 5S;16;Silver;Grade D;0
24-ECO375;19483;iPhone 5S;32;Silver;Grade D;0
24-ECO376;19491;iPhone 5S;64;Silver;Grade D;0
24-ECO377;30505;iPhone 5S;16;Gold;Grade D;0
24-ECO378;19479;iPhone 5S;32;Gold;Grade D;0
24-ECO379;19487;iPhone 5S;64;Gold;Grade D;0
24-MED353;19457;iPhone 5S;16;Grey;Grade B;0
24-MED354;19473;iPhone 5S;32;Grey;Grade B;0
24-MED355;30503;iPhone 5S;64;Grey;Grade B;0
24-MED356;20481;iPhone 5S;16;Silver;Grade B;0
24-MED357;19482;iPhone 5S;32;Silver;Grade B;0
24-MED358;19490;iPhone 5S;64;Silver;Grade B;0
24-MED359;19461;iPhone 5S;16;Gold;Grade B;0
24-MED360;19477;iPhone 5S;32;Gold;Grade B;0
24-MED361;19486;iPhone 5S;64;Gold;Grade B;0
24-PRE344;19658;iPhone 5S;16;Grey;Grade A;0
24-PRE346;30513;iPhone 5S;64;Grey;Grade A;0
24-PRE347;19466;iPhone 5S;16;Silver;Grade A;0
24-PRE348;19481;iPhone 5S;32;Silver;Grade A;0
24-PRE349;19489;iPhone 5S;64;Silver;Grade A;0
24-PRE350;23863;iPhone 5S;16;Gold;Grade A;0
24-PRE351;26776;iPhone 5S;32;Gold;Grade A;0
24-PRE352;19485;iPhone 5S;64;Gold;Grade A;0
25-BAS412;48247;iPhone SE;16;Grey;Grade C;0
25-BAS413;48254;iPhone SE;32;Grey;Grade C;249
25-BAS414;48273;iPhone SE;64;Grey;Grade C;0
25-BAS415;71987;iPhone SE;128;Grey;Grade C;0
25-BAS416;48286;iPhone SE;16;Pink;Grade C;45
25-BAS417;48258;iPhone SE;32;Pink;Grade C;110
25-BAS418;48245;iPhone SE;64;Pink;Grade C;9
25-BAS419;71997;iPhone SE;128;Pink;Grade C;4
25-BAS420;48272;iPhone SE;16;Silver;Grade C;0
25-BAS421;48262;iPhone SE;32;Silver;Grade C;12
25-BAS422;48281;iPhone SE;64;Silver;Grade C;0
25-BAS423;72007;iPhone SE;128;Silver;Grade C;0
25-BAS424;48278;iPhone SE;16;Gold;Grade C;0
25-BAS425;48251;iPhone SE;32;Gold;Grade C;16
25-BAS426;48267;iPhone SE;64;Gold;Grade C;0
25-BAS427;72002;iPhone SE;128;Gold;Grade C;11
25-ECO428;48250;iPhone SE;16;Grey;Grade D;0
25-ECO429;48255;iPhone SE;32;Grey;Grade D;47
25-ECO430;48274;iPhone SE;64;Grey;Grade D;0
25-ECO431;71986;iPhone SE;128;Grey;Grade D;0
25-ECO432;48287;iPhone SE;16;Pink;Grade D;58
25-ECO433;48259;iPhone SE;32;Pink;Grade D;50
25-ECO434;48248;iPhone SE;64;Pink;Grade D;19
25-ECO435;71996;iPhone SE;128;Pink;Grade D;0
25-ECO436;48275;iPhone SE;16;Silver;Grade D;0
25-ECO437;48263;iPhone SE;32;Silver;Grade D;0
25-ECO438;48283;iPhone SE;64;Silver;Grade D;0
25-ECO439;72006;iPhone SE;128;Silver;Grade D;0
25-ECO440;48282;iPhone SE;16;Gold;Grade D;0
25-ECO441;48252;iPhone SE;32;Gold;Grade D;2
25-ECO442;48268;iPhone SE;64;Gold;Grade D;0
25-ECO443;72001;iPhone SE;128;Gold;Grade D;2
25-MED396;48243;iPhone SE;16;Grey;Grade B;0
25-MED397;48253;iPhone SE;32;Grey;Grade B;124
25-MED398;48271;iPhone SE;64;Grey;Grade B;0
25-MED399;71993;iPhone SE;128;Grey;Grade B;0
25-MED400;48285;iPhone SE;16;Pink;Grade B;0
25-MED401;48257;iPhone SE;32;Pink;Grade B;77
25-MED402;48244;iPhone SE;64;Pink;Grade B;0
25-MED403;71998;iPhone SE;128;Pink;Grade B;17
25-MED404;48269;iPhone SE;16;Silver;Grade B;0
25-MED405;48261;iPhone SE;32;Silver;Grade B;0
25-MED406;48280;iPhone SE;64;Silver;Grade B;0
25-MED407;72008;iPhone SE;128;Silver;Grade B;0
25-MED408;48277;iPhone SE;16;Gold;Grade B;0
25-MED409;48249;iPhone SE;32;Gold;Grade B;12
25-MED410;48265;iPhone SE;64;Gold;Grade B;0
25-MED411;72003;iPhone SE;128;Gold;Grade B;4
25-PRE380;62177;iPhone SE;16;Grey;Grade A;0
25-PRE381;62196;iPhone SE;32;Grey;Grade A;43
25-PRE382;62220;iPhone SE;64;Grey;Grade A;2
25-PRE383;71994;iPhone SE;128;Grey;Grade A;0
25-PRE384;62180;iPhone SE;16;Pink;Grade A;4
25-PRE385;62207;iPhone SE;32;Pink;Grade A;70
25-PRE386;62221;iPhone SE;64;Pink;Grade A;0
25-PRE387;71999;iPhone SE;128;Pink;Grade A;18
25-PRE388;62195;iPhone SE;16;Silver;Grade A;0
25-PRE389;62216;iPhone SE;32;Silver;Grade A;12
25-PRE390;62222;iPhone SE;64;Silver;Grade A;0
25-PRE391;72010;iPhone SE;128;Silver;Grade A;15
25-PRE392;62189;iPhone SE;16;Gold;Grade A;0
25-PRE393;62214;iPhone SE;32;Gold;Grade A;4
25-PRE394;66567;iPhone SE;64;Gold;Grade A;0
25-PRE395;72004;iPhone SE;128;Gold;Grade A;24
26-BAS462;14600;iPhone 6 Plus;16;Grey;Grade C;0
26-BAS463;16062;iPhone 6 Plus;64;Grey;Grade C;0
26-BAS464;74762;iPhone 6 Plus;128;Grey;Grade C;0
26-BAS465;19538;iPhone 6 Plus;16;Silver;Grade C;0
26-BAS466;16061;iPhone 6 Plus;64;Silver;Grade C;0
26-BAS467;74767;iPhone 6 Plus;128;Silver;Grade C;0
26-BAS468;14601;iPhone 6 Plus;16;Gold;Grade C;0
26-BAS469;16060;iPhone 6 Plus;64;Gold;Grade C;0
26-BAS470;74757;iPhone 6 Plus;128;Gold;Grade C;0
26-ECO471;19532;iPhone 6 Plus;16;Grey;Grade D;0
26-ECO472;19545;iPhone 6 Plus;64;Grey;Grade D;0
26-ECO473;74763;iPhone 6 Plus;128;Grey;Grade D;0
26-ECO474;19540;iPhone 6 Plus;16;Silver;Grade D;0
26-ECO475;19553;iPhone 6 Plus;64;Silver;Grade D;0
26-ECO476;74768;iPhone 6 Plus;128;Silver;Grade D;0
26-ECO477;26777;iPhone 6 Plus;16;Gold;Grade D;0
26-ECO478;19549;iPhone 6 Plus;64;Gold;Grade D;0
26-ECO479;74758;iPhone 6 Plus;128;Gold;Grade D;0
26-MED453;19530;iPhone 6 Plus;16;Grey;Grade B;0
26-MED454;19544;iPhone 6 Plus;64;Grey;Grade B;0
26-MED455;74761;iPhone 6 Plus;128;Grey;Grade B;0
26-MED456;14599;iPhone 6 Plus;16;Silver;Grade B;0
26-MED457;19552;iPhone 6 Plus;64;Silver;Grade B;0
26-MED458;74766;iPhone 6 Plus;128;Silver;Grade B;0
26-MED459;19535;iPhone 6 Plus;16;Gold;Grade B;0
26-MED460;19548;iPhone 6 Plus;64;Gold;Grade B;0
26-MED461;74756;iPhone 6 Plus;128;Gold;Grade B;0
26-PRE444;37364;iPhone 6 Plus;16;Grey;Grade A;0
26-PRE445;19543;iPhone 6 Plus;64;Grey;Grade A;0
26-PRE446;74760;iPhone 6 Plus;128;Grey;Grade A;0
26-PRE447;37358;iPhone 6 Plus;16;Silver;Grade A;0
26-PRE448;19551;iPhone 6 Plus;64;Silver;Grade A;0
26-PRE449;74765;iPhone 6 Plus;128;Silver;Grade A;0
26-PRE450;19534;iPhone 6 Plus;16;Gold;Grade A;0
26-PRE451;19547;iPhone 6 Plus;64;Gold;Grade A;0
26-PRE452;74755;iPhone 6 Plus;128;Gold;Grade A;0
27-BAS512;31177;iPhone 6s Plus;16;Grey;Grade C;86
27-BAS513;72568;iPhone 6s Plus;32;Grey;Grade C;260
27-BAS514;30742;iPhone 6s Plus;64;Grey;Grade C;164
27-BAS515;43911;iPhone 6s Plus;128;Grey;Grade C;56
27-BAS516;31179;iPhone 6s Plus;16;Pink;Grade C;0
27-BAS517;72573;iPhone 6s Plus;32;Pink;Grade C;186
27-BAS518;43893;iPhone 6s Plus;64;Pink;Grade C;40
27-BAS519;43906;iPhone 6s Plus;128;Pink;Grade C;66
27-BAS520;31107;iPhone 6s Plus;16;Silver;Grade C;9
27-BAS521;72586;iPhone 6s Plus;32;Silver;Grade C;56
27-BAS522;36317;iPhone 6s Plus;64;Silver;Grade C;6
27-BAS523;43890;iPhone 6s Plus;128;Silver;Grade C;31
27-BAS524;32491;iPhone 6s Plus;16;Gold;Grade C;88
27-BAS525;72581;iPhone 6s Plus;32;Gold;Grade C;55
27-BAS526;18407;iPhone 6s Plus;64;Gold;Grade C;114
27-BAS527;43898;iPhone 6s Plus;128;Gold;Grade C;59
27-ECO528;31199;iPhone 6s Plus;16;Grey;Grade D;0
27-ECO529;72569;iPhone 6s Plus;32;Grey;Grade D;69
27-ECO530;36314;iPhone 6s Plus;64;Grey;Grade D;131
27-ECO531;43912;iPhone 6s Plus;128;Grey;Grade D;63
27-ECO532;31192;iPhone 6s Plus;16;Pink;Grade D;0
27-ECO533;72574;iPhone 6s Plus;32;Pink;Grade D;37
27-ECO534;43894;iPhone 6s Plus;64;Pink;Grade D;38
27-ECO535;43907;iPhone 6s Plus;128;Pink;Grade D;34
27-ECO536;31185;iPhone 6s Plus;16;Silver;Grade D;3
27-ECO537;72588;iPhone 6s Plus;32;Silver;Grade D;4
27-ECO538;36318;iPhone 6s Plus;64;Silver;Grade D;6
27-ECO539;43891;iPhone 6s Plus;128;Silver;Grade D;25
27-ECO540;32495;iPhone 6s Plus;16;Gold;Grade D;59
27-ECO541;72582;iPhone 6s Plus;32;Gold;Grade D;11
27-ECO542;41226;iPhone 6s Plus;64;Gold;Grade D;48
27-ECO543;43900;iPhone 6s Plus;128;Gold;Grade D;33
27-MED496;31197;iPhone 6s Plus;16;Grey;Grade B;5
27-MED497;72567;iPhone 6s Plus;32;Grey;Grade B;166
27-MED498;35450;iPhone 6s Plus;64;Grey;Grade B;5
27-MED499;43910;iPhone 6s Plus;128;Grey;Grade B;0
27-MED500;31187;iPhone 6s Plus;16;Pink;Grade B;2
27-MED501;72572;iPhone 6s Plus;32;Pink;Grade B;86
27-MED502;43892;iPhone 6s Plus;64;Pink;Grade B;6
27-MED503;43905;iPhone 6s Plus;128;Pink;Grade B;1
27-MED504;31183;iPhone 6s Plus;16;Silver;Grade B;2
27-MED505;72584;iPhone 6s Plus;32;Silver;Grade B;31
27-MED506;36316;iPhone 6s Plus;64;Silver;Grade B;0
27-MED507;43889;iPhone 6s Plus;128;Silver;Grade B;10
27-MED508;32493;iPhone 6s Plus;16;Gold;Grade B;1
27-MED509;72578;iPhone 6s Plus;32;Gold;Grade B;71
27-MED510;41224;iPhone 6s Plus;64;Gold;Grade B;2
27-MED511;43899;iPhone 6s Plus;128;Gold;Grade B;1
27-PRE480;31244;iPhone 6s Plus;16;Grey;Grade A;0
27-PRE481;72585;iPhone 6s Plus;32;Grey;Grade A;10
27-PRE482;34270;iPhone 6s Plus;64;Grey;Grade A;3
27-PRE483;51810;iPhone 6s Plus;128;Grey;Grade A;5
27-PRE484;31254;iPhone 6s Plus;16;Pink;Grade A;0
27-PRE485;72587;iPhone 6s Plus;32;Pink;Grade A;34
27-PRE486;51859;iPhone 6s Plus;64;Pink;Grade A;4
27-PRE487;51861;iPhone 6s Plus;128;Pink;Grade A;0
27-PRE488;31256;iPhone 6s Plus;16;Silver;Grade A;0
27-PRE489;72590;iPhone 6s Plus;32;Silver;Grade A;0
27-PRE490;36315;iPhone 6s Plus;64;Silver;Grade A;1
27-PRE491;51809;iPhone 6s Plus;128;Silver;Grade A;0
27-PRE492;34269;iPhone 6s Plus;16;Gold;Grade A;5
27-PRE493;72589;iPhone 6s Plus;32;Gold;Grade A;3
27-PRE494;19574;iPhone 6s Plus;64;Gold;Grade A;1
27-PRE495;48857;iPhone 6s Plus;128;Gold;Grade A;4
28-BAS574;72624;iPhone 7 Plus;32;Black;Grade C;0
28-BAS575;72628;iPhone 7 Plus;128;Black;Grade C;129
28-BAS576;72626;iPhone 7 Plus;256;Black;Grade C;29
28-BAS577;54717;iPhone 7 Plus;32;Pink;Grade C;0
28-BAS578;54727;iPhone 7 Plus;128;Pink;Grade C;30
28-BAS579;54746;iPhone 7 Plus;256;Pink;Grade C;6
28-BAS580;54748;iPhone 7 Plus;32;Silver;Grade C;0
28-BAS581;54742;iPhone 7 Plus;128;Silver;Grade C;15
28-BAS582;54745;iPhone 7 Plus;256;Silver;Grade C;0
28-BAS583;54725;iPhone 7 Plus;32;Jet Black;Grade C;0
28-BAS584;54720;iPhone 7 Plus;128;Jet Black;Grade C;294
28-BAS585;54760;iPhone 7 Plus;256;Jet Black;Grade C;0
28-BAS586;54736;iPhone 7 Plus;32;Gold;Grade C;0
28-BAS587;54732;iPhone 7 Plus;128;Gold;Grade C;14
28-BAS588;54753;iPhone 7 Plus;256;Gold;Grade C;24
28-ECO589;72629;iPhone 7 Plus;32;Black;Grade D;0
28-ECO590;72631;iPhone 7 Plus;128;Black;Grade D;3
28-ECO591;72632;iPhone 7 Plus;256;Black;Grade D;0
28-ECO592;54718;iPhone 7 Plus;32;Pink;Grade D;0
28-ECO593;54728;iPhone 7 Plus;128;Pink;Grade D;24
28-ECO594;54750;iPhone 7 Plus;256;Pink;Grade D;0
28-ECO595;54749;iPhone 7 Plus;32;Silver;Grade D;0
28-ECO596;54743;iPhone 7 Plus;128;Silver;Grade D;1
28-ECO597;54757;iPhone 7 Plus;256;Silver;Grade D;0
28-ECO598;54729;iPhone 7 Plus;32;Jet Black;Grade D;0
28-ECO599;54721;iPhone 7 Plus;128;Jet Black;Grade D;83
28-ECO600;54761;iPhone 7 Plus;256;Jet Black;Grade D;0
28-ECO601;54739;iPhone 7 Plus;32;Gold;Grade D;0
28-ECO602;54733;iPhone 7 Plus;128;Gold;Grade D;0
28-ECO603;54754;iPhone 7 Plus;256;Gold;Grade D;0
28-MED559;72625;iPhone 7 Plus;32;Black;Grade B;0
28-MED560;72621;iPhone 7 Plus;128;Black;Grade B;0
28-MED561;72627;iPhone 7 Plus;256;Black;Grade B;0
28-MED562;54715;iPhone 7 Plus;32;Pink;Grade B;0
28-MED563;54726;iPhone 7 Plus;128;Pink;Grade B;1
28-MED564;54741;iPhone 7 Plus;256;Pink;Grade B;0
28-MED565;54747;iPhone 7 Plus;32;Silver;Grade B;0
28-MED566;54740;iPhone 7 Plus;128;Silver;Grade B;2
28-MED567;54756;iPhone 7 Plus;256;Silver;Grade B;0
28-MED568;54724;iPhone 7 Plus;32;Jet Black;Grade B;0
28-MED569;54719;iPhone 7 Plus;128;Jet Black;Grade B;1
28-MED570;54759;iPhone 7 Plus;256;Jet Black;Grade B;0
28-MED571;54735;iPhone 7 Plus;32;Gold;Grade B;0
28-MED572;54731;iPhone 7 Plus;128;Gold;Grade B;0
28-MED573;54752;iPhone 7 Plus;256;Gold;Grade B;0
28-PRE544;72623;iPhone 7 Plus;32;Black;Grade A;0
28-PRE545;72622;iPhone 7 Plus;128;Black;Grade A;0
28-PRE546;72620;iPhone 7 Plus;256;Black;Grade A;0
28-PRE547;61796;iPhone 7 Plus;32;Pink;Grade A;0
28-PRE548;61792;iPhone 7 Plus;128;Pink;Grade A;1
28-PRE549;61802;iPhone 7 Plus;256;Pink;Grade A;0
28-PRE550;61804;iPhone 7 Plus;32;Silver;Grade A;0
28-PRE551;61790;iPhone 7 Plus;128;Silver;Grade A;0
28-PRE552;61799;iPhone 7 Plus;256;Silver;Grade A;1
28-PRE553;61797;iPhone 7 Plus;32;Jet Black;Grade A;0
28-PRE554;61776;iPhone 7 Plus;128;Jet Black;Grade A;0
28-PRE555;61788;iPhone 7 Plus;256;Jet Black;Grade A;0
28-PRE556;61803;iPhone 7 Plus;32;Gold;Grade A;0
28-PRE557;61791;iPhone 7 Plus;128;Gold;Grade A;1
28-PRE558;61800;iPhone 7 Plus;256;Gold;Grade A;0
29-BAS634;71867;iPhone 7;32;Black;Grade C;0
29-BAS635;71872;iPhone 7;128;Black;Grade C;91
29-BAS636;71877;iPhone 7;256;Black;Grade C;42
29-BAS637;54671;iPhone 7;32;Pink;Grade C;0
29-BAS638;54678;iPhone 7;128;Pink;Grade C;149
29-BAS639;54689;iPhone 7;256;Pink;Grade C;7
29-BAS640;54686;iPhone 7;32;Silver;Grade C;0
29-BAS641;54709;iPhone 7;128;Silver;Grade C;36
29-BAS642;54701;iPhone 7;256;Silver;Grade C;13
29-BAS643;54694;iPhone 7;32;Jet Black;Grade C;0
29-BAS644;54672;iPhone 7;128;Jet Black;Grade C;5
29-BAS645;54712;iPhone 7;256;Jet Black;Grade C;2
29-BAS646;54681;iPhone 7;32;Gold;Grade C;0
29-BAS647;54704;iPhone 7;128;Gold;Grade C;22
29-BAS648;54697;iPhone 7;256;Gold;Grade C;8
29-ECO649;71868;iPhone 7;32;Black;Grade D;0
29-ECO650;71873;iPhone 7;128;Black;Grade D;381
29-ECO651;71878;iPhone 7;256;Black;Grade D;56
29-ECO652;54673;iPhone 7;32;Pink;Grade D;0
29-ECO653;54680;iPhone 7;128;Pink;Grade D;84
29-ECO654;54691;iPhone 7;256;Pink;Grade D;8
29-ECO655;54688;iPhone 7;32;Silver;Grade D;0
29-ECO656;54710;iPhone 7;128;Silver;Grade D;58
29-ECO657;54702;iPhone 7;256;Silver;Grade D;9
29-ECO658;54695;iPhone 7;32;Jet Black;Grade D;0
29-ECO659;54674;iPhone 7;128;Jet Black;Grade D;22
29-ECO660;54713;iPhone 7;256;Jet Black;Grade D;32
29-ECO661;54682;iPhone 7;32;Gold;Grade D;0
29-ECO662;54705;iPhone 7;128;Gold;Grade D;56
29-ECO663;54698;iPhone 7;256;Gold;Grade D;3
29-MED619;71866;iPhone 7;32;Black;Grade B;0
29-MED620;71871;iPhone 7;128;Black;Grade B;0
29-MED621;71876;iPhone 7;256;Black;Grade B;0
29-MED622;54669;iPhone 7;32;Pink;Grade B;0
29-MED623;54677;iPhone 7;128;Pink;Grade B;0
29-MED624;54687;iPhone 7;256;Pink;Grade B;0
29-MED625;54685;iPhone 7;32;Silver;Grade B;0
29-MED626;54708;iPhone 7;128;Silver;Grade B;0
29-MED627;54700;iPhone 7;256;Silver;Grade B;0
29-MED628;54692;iPhone 7;32;Jet Black;Grade B;0
29-MED629;54670;iPhone 7;128;Jet Black;Grade B;0
29-MED630;54711;iPhone 7;256;Jet Black;Grade B;0
29-MED631;54679;iPhone 7;32;Gold;Grade B;0
29-MED632;54703;iPhone 7;128;Gold;Grade B;1
29-MED633;54696;iPhone 7;256;Gold;Grade B;11
29-PRE604;71865;iPhone 7;32;Black;Grade A;1
29-PRE605;71870;iPhone 7;128;Black;Grade A;0
29-PRE606;71875;iPhone 7;256;Black;Grade A;0
29-PRE607;61772;iPhone 7;32;Pink;Grade A;0
29-PRE608;61754;iPhone 7;128;Pink;Grade A;0
29-PRE609;39345;iPhone 7;256;Pink;Grade A;0
29-PRE610;61774;iPhone 7;32;Silver;Grade A;0
29-PRE611;61756;iPhone 7;128;Silver;Grade A;0
29-PRE612;61763;iPhone 7;256;Silver;Grade A;0
29-PRE613;61766;iPhone 7;32;Jet Black;Grade A;0
29-PRE614;61753;iPhone 7;128;Jet Black;Grade A;0
29-PRE615;61762;iPhone 7;256;Jet Black;Grade A;0
29-PRE616;61773;iPhone 7;32;Gold;Grade A;0
29-PRE617;61755;iPhone 7;128;Gold;Grade A;0
29-PRE618;61764;iPhone 7;256;Gold;Grade A;4
33-BAS672;31094;Galaxy S4;16;White;Grade C;0
33-BAS673;31099;Galaxy S4;16;Black;Grade C;0
33-BAS674;39057;Galaxy S4;16;Blue;Grade C;0
33-BAS675;38937;Galaxy S4;16;Pink;Grade C;0
33-ECO676;31095;Galaxy S4;16;White;Grade D;0
33-ECO677;31100;Galaxy S4;16;Black;Grade D;0
33-ECO678;39058;Galaxy S4;16;Blue;Grade D;0
33-ECO679;38951;Galaxy S4;16;Pink;Grade D;0
33-MED668;30078;Galaxy S4;16;White;Grade B;0
33-MED669;30056;Galaxy S4;16;Black;Grade B;0
33-MED670;39056;Galaxy S4;16;Blue;Grade B;0
33-MED671;38947;Galaxy S4;16;Pink;Grade B;0
33-PRE664;31096;Galaxy S4;16;White;Grade A;0
33-PRE665;31043;Galaxy S4;16;Black;Grade A;0
33-PRE666;51878;Galaxy S4;16;Blue;Grade A;0
33-PRE667;62264;Galaxy S4;16;Pink;Grade A;0
34-BAS1260;30100;Galaxy S4 Mini;8;White;Grade C;0
34-BAS1261;62270;Galaxy S4 Mini;8;Black;Grade C;0
34-ECO1262;62274;Galaxy S4 Mini;8;White;Grade D;0
34-ECO1263;62271;Galaxy S4 Mini;8;Black;Grade D;0
34-MED1258;62273;Galaxy S4 Mini;8;White;Grade B;0
34-MED1259;30097;Galaxy S4 Mini;8;Black;Grade B;0
34-PRE1256;51880;Galaxy S4 Mini;8;White;Grade A;0
34-PRE1257;51879;Galaxy S4 Mini;8;Black;Grade A;0
35-BAS1272;32644;Galaxy S5 G900;16;White;Grade C;0
35-BAS1273;35792;Galaxy S5 G900;16;Black;Grade C;0
35-BAS1274;64552;Galaxy S5 G900;16;Blue;Grade C;0
35-BAS1275;30741;Galaxy S5 G900;16;Gold;Grade C;0
35-ECO1276;32646;Galaxy S5 G900;16;White;Grade D;0
35-ECO1277;35793;Galaxy S5 G900;16;Black;Grade D;0
35-ECO1278;64553;Galaxy S5 G900;16;Blue;Grade D;0
35-ECO1279;35791;Galaxy S5 G900;16;Gold;Grade D;0
35-MED1268;30010;Galaxy S5 G900;16;White;Grade B;0
35-MED1269;30021;Galaxy S5 G900;16;Black;Grade B;0
35-MED1270;64547;Galaxy S5 G900;16;Blue;Grade B;0
35-MED1271;35708;Galaxy S5 G900;16;Gold;Grade B;0
35-PRE1264;7184;Galaxy S5 G900;16;White;Grade A;0
35-PRE1265;7183;Galaxy S5 G900;16;Black;Grade A;0
35-PRE1266;64545;Galaxy S5 G900;16;Blue;Grade A;0
35-PRE1267;36678;Galaxy S5 G900;16;Gold;Grade A;0
36-BAS720;72985;Galaxy S5 Mini;16;White;Grade C;0
36-BAS721;72975;Galaxy S5 Mini;16;Black;Grade C;0
36-BAS722;72980;Galaxy S5 Mini;16;Blue;Grade C;0
36-BAS723;72990;Galaxy S5 Mini;16;Gold;Grade C;0
36-ECO724;72986;Galaxy S5 Mini;16;White;Grade D;0
36-ECO725;72976;Galaxy S5 Mini;16;Black;Grade D;0
36-ECO726;72981;Galaxy S5 Mini;16;Blue;Grade D;0
36-ECO727;72991;Galaxy S5 Mini;16;Gold;Grade D;0
36-MED716;72984;Galaxy S5 Mini;16;White;Grade B;0
36-MED717;72974;Galaxy S5 Mini;16;Black;Grade B;0
36-MED718;72979;Galaxy S5 Mini;16;Blue;Grade B;0
36-MED719;72989;Galaxy S5 Mini;16;Gold;Grade B;0
36-PRE712;72983;Galaxy S5 Mini;16;White;Grade A;0
36-PRE713;72973;Galaxy S5 Mini;16;Black;Grade A;0
36-PRE714;72978;Galaxy S5 Mini;16;Blue;Grade A;0
36-PRE715;72988;Galaxy S5 Mini;16;Gold;Grade A;0
37-BAS734;31511;Galaxy S6 G920;32;White;Grade C;0
37-BAS735;32103;Galaxy S6 G920;32;Black;Grade C;0
37-BAS736;32102;Galaxy S6 G920;32;Blue;Grade C;0
37-ECO738;31508;Galaxy S6 G920;32;Black;Grade D;0
37-ECO739;62361;Galaxy S6 G920;32;Blue;Grade D;0
37-MED731;31494;Galaxy S6 G920;32;White;Grade B;0
37-MED732;31493;Galaxy S6 G920;32;Black;Grade B;0
37-MED733;62277;Galaxy S6 G920;32;Blue;Grade B;0
37-PRE728;34550;Galaxy S6 G920;32;White;Grade A;0
37-PRE729;34552;Galaxy S6 G920;32;Black;Grade A;0
37-PRE730;34551;Galaxy S6 G920;32;Blue;Grade A;0
38-BAS742;64588;Galaxy S6 Edge G925;32;Gold;Grade C;0
38-ECO743;64592;Galaxy S6 Edge G925;32;Gold;Grade D;0
38-MED741;64586;Galaxy S6 Edge G925;32;Gold;Grade B;0
38-PRE740;64585;Galaxy S6 Edge G925;32;Gold;Grade A;0
39-BAS752;62364;Galaxy S6 Edge Plus G928;32;White;Grade C;0
39-BAS753;54290;Galaxy S6 Edge Plus G928;32;Black;Grade C;0
39-BAS754;71424;Galaxy S6 Edge Plus G928;32;Silver;Grade C;1
39-BAS755;54292;Galaxy S6 Edge Plus G928;32;Gold;Grade C;0
39-ECO756;62368;Galaxy S6 Edge Plus G928;32;White;Grade D;0
39-ECO757;54293;Galaxy S6 Edge Plus G928;32;Black;Grade D;0
39-ECO758;71425;Galaxy S6 Edge Plus G928;32;Silver;Grade D;0
39-ECO759;54289;Galaxy S6 Edge Plus G928;32;Gold;Grade D;0
39-MED748;31498;Galaxy S6 Edge Plus G928;32;White;Grade B;0
39-MED749;31497;Galaxy S6 Edge Plus G928;32;Black;Grade B;1
39-MED750;71423;Galaxy S6 Edge Plus G928;32;Silver;Grade B;0
39-MED751;54291;Galaxy S6 Edge Plus G928;32;Gold;Grade B;0
39-PRE744;62373;Galaxy S6 Edge Plus G928;32;White;Grade A;0
39-PRE745;47581;Galaxy S6 Edge Plus G928;32;Black;Grade A;0
39-PRE746;71422;Galaxy S6 Edge Plus G928;32;Silver;Grade A;0
39-PRE747;62352;Galaxy S6 Edge Plus G928;32;Gold;Grade A;0
40-BAS770;65396;Galaxy S7 G930;32;White;Grade C;0
40-BAS771;65473;Galaxy S7 G930;32;Black;Grade C;0
40-BAS772;65479;Galaxy S7 G930;32;Pink;Grade C;0
40-BAS773;74786;Galaxy S7 G930;32;Silver;Grade C;1
40-BAS774;65466;Galaxy S7 G930;32;Gold;Grade C;0
40-ECO775;65399;Galaxy S7 G930;32;White;Grade D;0
40-ECO776;65474;Galaxy S7 G930;32;Black;Grade D;0
40-ECO777;65480;Galaxy S7 G930;32;Pink;Grade D;0
40-ECO778;74787;Galaxy S7 G930;32;Silver;Grade D;9
40-ECO779;65467;Galaxy S7 G930;32;Gold;Grade D;0
40-MED765;65392;Galaxy S7 G930;32;White;Grade B;0
40-MED766;65470;Galaxy S7 G930;32;Black;Grade B;0
40-MED767;65478;Galaxy S7 G930;32;Pink;Grade B;2
40-MED768;74784;Galaxy S7 G930;32;Silver;Grade B;0
40-MED769;65465;Galaxy S7 G930;32;Gold;Grade B;0
40-PRE760;65385;Galaxy S7 G930;32;White;Grade A;0
40-PRE761;65468;Galaxy S7 G930;32;Black;Grade A;0
40-PRE762;65475;Galaxy S7 G930;32;Pink;Grade A;0
40-PRE763;74785;Galaxy S7 G930;32;Silver;Grade A;0
40-PRE764;65438;Galaxy S7 G930;32;Gold;Grade A;0
41-BAS790;65368;Galaxy S7 Edge G935;32;White;Grade C;0
41-BAS791;65380;Galaxy S7 Edge G935;32;Black;Grade C;20
41-BAS792;65407;Galaxy S7 Edge G935;32;Pink;Grade C;5
41-BAS793;65463;Galaxy S7 Edge G935;32;Silver;Grade C;1
41-BAS794;65394;Galaxy S7 Edge G935;32;Gold;Grade C;33
41-ECO795;65369;Galaxy S7 Edge G935;32;White;Grade D;0
41-ECO796;65382;Galaxy S7 Edge G935;32;Black;Grade D;0
41-ECO797;65408;Galaxy S7 Edge G935;32;Pink;Grade D;0
41-ECO798;65464;Galaxy S7 Edge G935;32;Silver;Grade D;0
41-ECO799;65397;Galaxy S7 Edge G935;32;Gold;Grade D;0
41-MED785;65367;Galaxy S7 Edge G935;32;White;Grade B;0
41-MED786;65378;Galaxy S7 Edge G935;32;Black;Grade B;33
41-MED787;65406;Galaxy S7 Edge G935;32;Pink;Grade B;6
41-MED788;65462;Galaxy S7 Edge G935;32;Silver;Grade B;0
41-MED789;65390;Galaxy S7 Edge G935;32;Gold;Grade B;27
41-PRE780;65362;Galaxy S7 Edge G935;32;White;Grade A;0
41-PRE781;65364;Galaxy S7 Edge G935;32;Black;Grade A;6
41-PRE782;65401;Galaxy S7 Edge G935;32;Pink;Grade A;6
41-PRE783;65452;Galaxy S7 Edge G935;32;Silver;Grade A;1
41-PRE784;65384;Galaxy S7 Edge G935;32;Gold;Grade A;13
74-BAS820;76465;iPad mini Wifi;64;White;Grade C;0
74-BAS821;76470;iPad mini Wifi;16;Black;Grade C;0
74-BAS822;76468;iPad mini Wifi;32;Black;Grade C;0
74-BAS823;76466;iPad mini Wifi;64;Black;Grade C;0
74-BAS824;76469;iPad mini Cellular;16;Silver;Grade C;0
74-BAS825;76467;iPad mini Wifi;32;Silver;Grade C;0
74-ECO829;77321;iPad mini Wifi;64;White;Grade D;0
74-ECO830;77296;iPad mini Wifi;16;Black;Grade D;1
74-ECO831;77306;iPad mini Wifi;32;Black;Grade D;0
74-ECO832;77316;iPad mini Wifi;64;Black;Grade D;0
74-ECO833;77301;iPad mini Wifi;16;Silver;Grade D;1
74-ECO834;77311;iPad mini Wifi;32;Silver;Grade D;0
74-MED811;77320;iPad mini Wifi;64;White;Grade B;0
74-MED812;77295;iPad mini Wifi;16;Black;Grade B;0
74-MED813;77305;iPad mini Wifi;32;Black;Grade B;0
74-MED814;77315;iPad mini Wifi;64;Black;Grade B;0
74-MED815;77300;iPad mini Wifi;16;Silver;Grade B;0
74-MED816;77310;iPad mini Wifi;32;Silver;Grade B;0
74-PRE802;77319;iPad mini Wifi;64;White;Grade A;0
74-PRE803;77294;iPad mini Wifi;16;Black;Grade A;0
74-PRE804;77304;iPad mini Wifi;32;Black;Grade A;0
74-PRE806;77299;iPad mini Wifi;16;Silver;Grade A;0
74-PRE807;77309;iPad mini Wifi;32;Silver;Grade A;0
74-PRE826;77314;iPad mini Wifi;64;Black;Grade A;0
75-BAS1284;76464;iPad mini 2 Wifi;32;Silver;Grade C;0
75-BAS1285;76463;iPad mini 2 Wifi;32;Black;Grade C;0
75-ECO1286;77331;iPad mini 2 Wifi;32;Silver;Grade D;0
75-ECO1287;77326;iPad mini 2 Wifi;32;Black;Grade D;0
75-MED1282;77330;iPad mini 2 Wifi;32;Silver;Grade B;0
75-MED1283;77325;iPad mini 2 Wifi;32;Black;Grade B;0
75-PRE1280;77329;iPad mini 2 Wifi;32;Silver;Grade A;0
75-PRE1281;77324;iPad mini 2 Wifi;32;Black;Grade A;0
76-BAS860;76893;iPad Air Wifi;16;Black;Grade C;0
76-BAS861;76891;iPad Air Wifi;32;Black;Grade C;0
76-BAS862;76895;iPad Air Wifi;64;Black;Grade C;0
76-BAS863;76897;iPad Air Wifi;128;Black;Grade C;3
76-BAS864;76894;iPad Air Wifi;16;Silver;Grade C;0
76-BAS865;76892;iPad Air Wifi;32;Silver;Grade C;0
76-BAS866;76896;iPad Air Wifi;64;Silver;Grade C;0
76-BAS867;76898;iPad Air Wifi;128;Silver;Grade C;2
76-ECO868;77211;iPad Air Wifi;16;Black;Grade D;0
76-ECO869;77221;iPad Air Wifi;32;Black;Grade D;0
76-ECO870;77231;iPad Air Wifi;64;Black;Grade D;0
76-ECO871;77241;iPad Air Wifi;128;Black;Grade D;1
76-ECO872;77216;iPad Air Wifi;16;Silver;Grade D;0
76-ECO873;77226;iPad Air Wifi;32;Silver;Grade D;0
76-ECO874;77236;iPad Air Wifi;64;Silver;Grade D;0
76-ECO875;77246;iPad Air Wifi;128;Silver;Grade D;5
76-MED852;77210;iPad Air Wifi;16;Black;Grade B;0
76-MED853;77220;iPad Air Wifi;32;Black;Grade B;0
76-MED854;77230;iPad Air Wifi;64;Black;Grade B;0
76-MED855;77240;iPad Air Wifi;128;Black;Grade B;0
76-MED856;77215;iPad Air Wifi;16;Silver;Grade B;0
76-MED857;77225;iPad Air Wifi;32;Silver;Grade B;0
76-MED858;77235;iPad Air Wifi;64;Silver;Grade B;0
76-MED859;77245;iPad Air Wifi;128;Silver;Grade B;0
76-PRE844;77413;iPad Air Wifi;16;Black;Grade A;0
76-PRE845;77219;iPad Air Wifi;32;Black;Grade A;0
76-PRE846;77229;iPad Air Wifi;64;Black;Grade A;0
76-PRE847;77239;iPad Air Wifi;128;Black;Grade A;0
76-PRE848;77214;iPad Air Wifi;16;Silver;Grade A;0
76-PRE849;77224;iPad Air Wifi;32;Silver;Grade A;0
76-PRE850;77234;iPad Air Wifi;64;Silver;Grade A;0
76-PRE851;77244;iPad Air Wifi;128;Silver;Grade A;0
77-BAS894;76899;iPad Air 2 Wifi;16;Black;Grade C;0
77-BAS895;76902;iPad Air 2 Wifi;64;Black;Grade C;0
77-BAS896;76905;iPad Air 2 Wifi;128;Black;Grade C;3
77-BAS897;76900;iPad Air 2 Wifi;16;Silver;Grade C;0
77-BAS898;76903;iPad Air 2 Wifi;64;Silver;Grade C;5
77-BAS899;76906;iPad Air 2 Wifi;128;Silver;Grade C;2
77-BAS900;76901;iPad Air 2 Wifi;16;Gold;Grade C;0
77-BAS901;76904;iPad Air 2 Wifi;64;Gold;Grade C;1
77-BAS902;76907;iPad Air 2 Wifi;128;Gold;Grade C;7
77-ECO903;77251;iPad Air 2 Wifi;16;Black;Grade D;7
77-ECO904;77266;iPad Air 2 Wifi;64;Black;Grade D;0
77-ECO905;77281;iPad Air 2 Wifi;128;Black;Grade D;4
77-ECO906;77256;iPad Air 2 Wifi;16;Silver;Grade D;0
77-ECO907;77271;iPad Air 2 Wifi;64;Silver;Grade D;2
77-ECO908;77286;iPad Air 2 Wifi;128;Silver;Grade D;3
77-ECO909;77261;iPad Air 2 Wifi;16;Gold;Grade D;0
77-ECO910;77276;iPad Air 2 Wifi;64;Gold;Grade D;0
77-ECO911;77291;iPad Air 2 Wifi;128;Gold;Grade D;1
77-MED885;77250;iPad Air 2 Wifi;16;Black;Grade B;0
77-MED886;77265;iPad Air 2 Wifi;64;Black;Grade B;0
77-MED887;77280;iPad Air 2 Wifi;128;Black;Grade B;0
77-MED888;77255;iPad Air 2 Wifi;16;Silver;Grade B;0
77-MED889;77270;iPad Air 2 Wifi;64;Silver;Grade B;0
77-MED890;77285;iPad Air 2 Wifi;128;Silver;Grade B;0
77-MED891;77260;iPad Air 2 Wifi;16;Gold;Grade B;0
77-MED892;77275;iPad Air 2 Wifi;64;Gold;Grade B;0
77-MED893;77290;iPad Air 2 Wifi;128;Gold;Grade B;0
77-PRE876;77249;iPad Air 2 Wifi;16;Black;Grade A;0
77-PRE877;77264;iPad Air 2 Wifi;64;Black;Grade A;0
77-PRE878;77279;iPad Air 2 Wifi;128;Black;Grade A;0
77-PRE879;77254;iPad Air 2 Wifi;16;Silver;Grade A;0
77-PRE880;77269;iPad Air 2 Wifi;64;Silver;Grade A;0
77-PRE881;77284;iPad Air 2 Wifi;128;Silver;Grade A;0
77-PRE882;77259;iPad Air 2 Wifi;16;Gold;Grade A;0
77-PRE883;77274;iPad Air 2 Wifi;64;Gold;Grade A;0
77-PRE884;77289;iPad Air 2 Wifi;128;Gold;Grade A;0
78-BAS924;76554;iPad 4 WIFI;16;Black;Grade C;0
78-BAS925;76556;iPad 4 WIFI;32;Black;Grade C;0
78-BAS926;76558;iPad 4 WIFI;64;Black;Grade C;0
78-BAS927;76555;iPad 4 WIFI;16;Silver;Grade C;3
78-BAS928;76557;iPad 4 WIFI;32;Silver;Grade C;0
78-BAS929;76559;iPad 4 WIFI;64;Silver;Grade C;0
78-ECO930;77180;iPad 4 WIFI;16;Black;Grade D;0
78-ECO931;77190;iPad 4 WIFI;32;Black;Grade D;0
78-ECO932;77201;iPad 4 WIFI;64;Black;Grade D;0
78-ECO933;77185;iPad 4 WIFI;16;Silver;Grade D;0
78-ECO934;77195;iPad 4 WIFI;32;Silver;Grade D;57
78-ECO935;77206;iPad 4 WIFI;64;Silver;Grade D;0
78-MED918;77179;iPad 4 WIFI;16;Black;Grade B;0
78-MED919;77189;iPad 4 WIFI;32;Black;Grade B;0
78-MED920;77199;iPad 4 WIFI;64;Black;Grade B;0
78-MED921;77184;iPad 4 WIFI;16;Silver;Grade B;0
78-MED922;77194;iPad 4 WIFI;32;Silver;Grade B;0
78-MED923;77205;iPad 4 WIFI;64;Silver;Grade B;0
78-PRE912;77178;iPad 4 WIFI;16;Black;Grade A;0
78-PRE913;77188;iPad 4 WIFI;32;Black;Grade A;0
78-PRE914;77198;iPad 4 WIFI;64;Black;Grade A;0
78-PRE915;77183;iPad 4 WIFI;16;Silver;Grade A;0
78-PRE916;77193;iPad 4 WIFI;32;Silver;Grade A;0
78-PRE917;77204;iPad 4 WIFI;64;Silver;Grade A;0
79-BAS948;76546;iPad 3 WIFI;16;Black;Grade C;0
79-BAS949;76549;iPad 3 WIFI;32;Black;Grade C;0
79-BAS950;76551;iPad 3 WIFI;64;Black;Grade C;1
79-BAS951;76547;iPad 3 WIFI;16;Silver;Grade C;0
79-BAS952;76550;iPad 3 WIFI;32;Silver;Grade C;0
79-BAS953;76552;iPad 3 WIFI;64;Silver;Grade C;3
79-ECO954;77150;iPad 3 WIFI;16;Black;Grade D;0
79-ECO955;77160;iPad 3 WIFI;32;Black;Grade D;0
79-ECO956;77170;iPad 3 WIFI;64;Black;Grade D;0
79-ECO957;77155;iPad 3 WIFI;16;Silver;Grade D;0
79-ECO958;77165;iPad 3 WIFI;32;Silver;Grade D;0
79-ECO959;77175;iPad 3 WIFI;64;Silver;Grade D;4
79-MED942;77149;iPad 3 WIFI;16;Black;Grade B;0
79-MED943;77159;iPad 3 WIFI;32;Black;Grade B;0
79-MED944;77169;iPad 3 WIFI;64;Black;Grade B;0
79-MED945;77154;iPad 3 WIFI;16;Silver;Grade B;1
79-MED946;77164;iPad 3 WIFI;32;Silver;Grade B;0
79-MED947;77174;iPad 3 WIFI;64;Silver;Grade B;0
79-PRE936;77148;iPad 3 WIFI;16;Black;Grade A;0
79-PRE937;77158;iPad 3 WIFI;32;Black;Grade A;0
79-PRE938;77168;iPad 3 WIFI;64;Black;Grade A;0
79-PRE939;77153;iPad 3 WIFI;16;Silver;Grade A;0
79-PRE940;77163;iPad 3 WIFI;32;Silver;Grade A;0
79-PRE941;77173;iPad 3 WIFI;64;Silver;Grade A;0
80-BAS972;76454;iPad 2 WIFI;16;Black;Grade C;0
80-BAS973;76456;iPad 2 WIFI;32;Black;Grade C;0
80-BAS974;76462;iPad 2 WIFI;64;Black;Grade C;0
80-BAS975;76457;iPad 2 WIFI;16;Silver;Grade C;0
80-BAS976;76459;iPad 2 WIFI;32;Silver;Grade C;0
80-BAS977;76461;iPad 2 WIFI;64;Silver;Grade C;0
80-ECO978;76827;iPad 2 WIFI;16;Black;Grade D;0
80-ECO979;77130;iPad 2 WIFI;32;Black;Grade D;0
80-ECO980;77140;iPad 2 WIFI;64;Black;Grade D;0
80-ECO981;77125;iPad 2 WIFI;16;Silver;Grade D;0
80-ECO982;77135;iPad 2 WIFI;32;Silver;Grade D;0
80-ECO983;77145;iPad 2 WIFI;64;Silver;Grade D;0
80-MED966;76826;iPad 2 WIFI;16;Black;Grade B;0
80-MED967;77129;iPad 2 WIFI;32;Black;Grade B;0
80-MED968;77139;iPad 2 WIFI;64;Black;Grade B;0
80-MED969;77124;iPad 2 WIFI;16;Silver;Grade B;0
80-MED970;77134;iPad 2 WIFI;32;Silver;Grade B;0
80-MED971;77144;iPad 2 WIFI;64;Silver;Grade B;0
80-PRE960;76825;iPad 2 WIFI;16;Black;Grade A;0
80-PRE961;77128;iPad 2 WIFI;32;Black;Grade A;0
80-PRE962;77138;iPad 2 WIFI;64;Black;Grade A;0
80-PRE963;77123;iPad 2 WIFI;16;Silver;Grade A;0
80-PRE964;77133;iPad 2 WIFI;32;Silver;Grade A;0
80-PRE965;77143;iPad 2 WIFI;64;Silver;Grade A;0
83-BAS1000;80282;iPhone 8;64;Grey;Grade C;1
83-BAS1001;80302;iPhone 8;256;Grey;Grade C;7
83-BAS1002;80292;iPhone 8;64;Red;Grade C;0
83-BAS1003;80312;iPhone 8;256;Red;Grade C;0
83-BAS1004;80277;iPhone 8;64;Silver;Grade C;0
83-BAS1005;80297;iPhone 8;256;Silver;Grade C;3
83-BAS1006;80287;iPhone 8;64;Gold;Grade C;0
83-BAS1007;80307;iPhone 8;256;Gold;Grade C;14
83-ECO1008;80283;iPhone 8;64;Grey;Grade D;0
83-ECO1009;80303;iPhone 8;256;Grey;Grade D;0
83-ECO1010;80293;iPhone 8;64;Red;Grade D;0
83-ECO1011;80313;iPhone 8;256;Red;Grade D;0
83-ECO1012;80278;iPhone 8;64;Silver;Grade D;0
83-ECO1013;80298;iPhone 8;256;Silver;Grade D;2
83-ECO1014;80288;iPhone 8;64;Gold;Grade D;0
83-ECO1015;80308;iPhone 8;256;Gold;Grade D;0
83-MED992;80281;iPhone 8;64;Grey;Grade B;2
83-MED993;80301;iPhone 8;256;Grey;Grade B;0
83-MED994;80291;iPhone 8;64;Red;Grade B;0
83-MED995;80311;iPhone 8;256;Red;Grade B;0
83-MED996;80276;iPhone 8;64;Silver;Grade B;0
83-MED997;80296;iPhone 8;256;Silver;Grade B;6
83-MED998;80286;iPhone 8;64;Gold;Grade B;0
83-MED999;80306;iPhone 8;256;Gold;Grade B;0
83-PRE984;80280;iPhone 8;64;Grey;Grade A;1
83-PRE985;80300;iPhone 8;256;Grey;Grade A;2
83-PRE986;80290;iPhone 8;64;Red;Grade A;0
83-PRE987;80310;iPhone 8;256;Red;Grade A;0
83-PRE988;80275;iPhone 8;64;Silver;Grade A;0
83-PRE989;80295;iPhone 8;256;Silver;Grade A;0
83-PRE990;80285;iPhone 8;64;Gold;Grade A;0
83-PRE991;80305;iPhone 8;256;Gold;Grade A;1
86-BAS1032;80322;iPhone 8 Plus;64;Grey;Grade C;5
86-BAS1033;80342;iPhone 8 Plus;256;Grey;Grade C;9
86-BAS1034;80332;iPhone 8 Plus;64;Red;Grade C;0
86-BAS1035;80352;iPhone 8 Plus;256;Red;Grade C;0
86-BAS1036;80317;iPhone 8 Plus;64;Silver;Grade C;5
86-BAS1037;80337;iPhone 8 Plus;256;Silver;Grade C;7
86-BAS1038;80327;iPhone 8 Plus;64;Gold;Grade C;4
86-BAS1039;80347;iPhone 8 Plus;256;Gold;Grade C;9
86-ECO1040;80323;iPhone 8 Plus;64;Grey;Grade D;6
86-ECO1041;80343;iPhone 8 Plus;256;Grey;Grade D;4
86-ECO1042;80333;iPhone 8 Plus;64;Red;Grade D;0
86-ECO1043;80353;iPhone 8 Plus;256;Red;Grade D;0
86-ECO1044;80318;iPhone 8 Plus;64;Silver;Grade D;0
86-ECO1045;80338;iPhone 8 Plus;256;Silver;Grade D;8
86-ECO1046;80328;iPhone 8 Plus;64;Gold;Grade D;0
86-ECO1047;80348;iPhone 8 Plus;256;Gold;Grade D;3
86-MED1024;80321;iPhone 8 Plus;64;Grey;Grade B;0
86-MED1025;80340;iPhone 8 Plus;256;Grey;Grade B;1
86-MED1026;80331;iPhone 8 Plus;64;Red;Grade B;0
86-MED1027;80351;iPhone 8 Plus;256;Red;Grade B;0
86-MED1028;80316;iPhone 8 Plus;64;Silver;Grade B;5
86-MED1029;80336;iPhone 8 Plus;256;Silver;Grade B;0
86-MED1030;80326;iPhone 8 Plus;64;Gold;Grade B;0
86-MED1031;80346;iPhone 8 Plus;256;Gold;Grade B;0
86-PRE1016;80320;iPhone 8 Plus;64;Grey;Grade A;0
86-PRE1017;80339;iPhone 8 Plus;256;Grey;Grade A;2
86-PRE1018;80330;iPhone 8 Plus;64;Red;Grade A;0
86-PRE1019;80350;iPhone 8 Plus;256;Red;Grade A;0
86-PRE1020;80315;iPhone 8 Plus;64;Silver;Grade A;0
86-PRE1021;80335;iPhone 8 Plus;256;Silver;Grade A;0
86-PRE1022;80325;iPhone 8 Plus;64;Gold;Grade A;0
86-PRE1023;80345;iPhone 8 Plus;256;Gold;Grade A;3
87-BAS1056;80362;iPhone X;64;Grey;Grade C;5
87-BAS1057;80372;iPhone X;256;Grey;Grade C;12
87-BAS1058;80357;iPhone X;64;Silver;Grade C;5
87-BAS1059;80367;iPhone X;256;Silver;Grade C;16
87-ECO1060;80363;iPhone X;64;Grey;Grade D;0
87-ECO1061;80373;iPhone X;256;Grey;Grade D;2
87-ECO1062;80358;iPhone X;64;Silver;Grade D;0
87-ECO1063;80368;iPhone X;256;Silver;Grade D;1
87-MED1052;80361;iPhone X;64;Grey;Grade B;2
87-MED1053;80371;iPhone X;256;Grey;Grade B;5
87-MED1054;80356;iPhone X;64;Silver;Grade B;0
87-MED1055;80366;iPhone X;256;Silver;Grade B;0
87-PRE1048;80360;iPhone X;64;Grey;Grade A;2
87-PRE1049;80370;iPhone X;256;Grey;Grade A;1
87-PRE1050;80355;iPhone X;64;Silver;Grade A;0
87-PRE1051;80365;iPhone X;256;Silver;Grade A;0
88-BAS1074;79745;Galaxy S8 G950F;64;Grey;Grade C;0
88-BAS1075;79733;Galaxy S8 G950F;64;Black;Grade C;0
88-BAS1076;80537;Galaxy S8 G950F;64;Blue;Grade C;0
88-BAS1077;80532;Galaxy S8 G950F;64;Pink;Grade C;0
88-BAS1078;79757;Galaxy S8 G950F;64;Silver;Grade C;0
88-ECO1079;79744;Galaxy S8 G950F;64;Grey;Grade D;0
88-ECO1080;79737;Galaxy S8 G950F;64;Black;Grade D;0
88-ECO1081;80536;Galaxy S8 G950F;64;Blue;Grade D;0
88-ECO1082;80531;Galaxy S8 G950F;64;Pink;Grade D;0
88-ECO1083;79758;Galaxy S8 G950F;64;Silver;Grade D;0
88-MED1069;79746;Galaxy S8 G950F;64;Grey;Grade B;0
88-MED1070;79731;Galaxy S8 G950F;64;Black;Grade B;0
88-MED1071;80538;Galaxy S8 G950F;64;Blue;Grade B;0
88-MED1072;80533;Galaxy S8 G950F;64;Pink;Grade B;0
88-MED1073;79756;Galaxy S8 G950F;64;Silver;Grade B;0
88-PRE1064;79747;Galaxy S8 G950F;64;Grey;Grade A;0
88-PRE1065;79730;Galaxy S8 G950F;64;Black;Grade A;0
88-PRE1066;80539;Galaxy S8 G950F;64;Blue;Grade A;0
88-PRE1067;80534;Galaxy S8 G950F;64;Pink;Grade A;0
88-PRE1068;79755;Galaxy S8 G950F;64;Silver;Grade A;0
89-BAS1094;79775;Galaxy S8 Plus G955F;64;Grey;Grade C;0
89-BAS1095;79767;Galaxy S8 Plus G955F;64;Black;Grade C;0
89-BAS1096;80547;Galaxy S8 Plus G955F;64;Blue;Grade C;92
89-BAS1097;80542;Galaxy S8 Plus G955F;64;Pink;Grade C;0
89-BAS1098;79787;Galaxy S8 Plus G955F;64;Silver;Grade C;0
89-ECO1099;79774;Galaxy S8 Plus G955F;64;Grey;Grade D;0
89-ECO1100;79768;Galaxy S8 Plus G955F;64;Black;Grade D;0
89-ECO1101;80546;Galaxy S8 Plus G955F;64;Blue;Grade D;24
89-ECO1102;80541;Galaxy S8 Plus G955F;64;Pink;Grade D;0
89-ECO1103;79788;Galaxy S8 Plus G955F;64;Silver;Grade D;0
89-MED1089;79776;Galaxy S8 Plus G955F;64;Grey;Grade B;0
89-MED1090;79766;Galaxy S8 Plus G955F;64;Black;Grade B;0
89-MED1091;80548;Galaxy S8 Plus G955F;64;Blue;Grade B;56
89-MED1092;80543;Galaxy S8 Plus G955F;64;Pink;Grade B;0
89-MED1093;79786;Galaxy S8 Plus G955F;64;Silver;Grade B;0
89-PRE1084;79777;Galaxy S8 Plus G955F;64;Grey;Grade A;0
89-PRE1085;79764;Galaxy S8 Plus G955F;64;Black;Grade A;0
89-PRE1086;80549;Galaxy S8 Plus G955F;64;Blue;Grade A;0
89-PRE1087;80544;Galaxy S8 Plus G955F;64;Pink;Grade A;0
89-PRE1088;79784;Galaxy S8 Plus G955F;64;Silver;Grade A;0
90-BAS1106;78240;Apple Watch Serie 1 Aluminium 38 MM;16;Silver;Grade C;8
90-BAS1309;78245;Apple Watch Serie 1 Aluminium 42 MM;16;Silver;Grade C;0
90-ECO1107;78241;Apple Watch Serie 1 Aluminium 38 MM;16;Silver;Grade D;2
90-ECO1310;78246;Apple Watch Serie 1 Aluminium 42 MM;16;Silver;Grade D;3
90-MED1105;78239;Apple Watch Serie 1 Aluminium 38 MM;16;Silver;Grade B;0
90-MED1308;78244;Apple Watch Serie 1 Aluminium 42 MM;16;Silver;Grade B;0
90-PRE1104;78238;Apple Watch Serie 1 Aluminium 38 MM;16;Silver;Grade A;0
90-PRE1311;78243;Apple Watch Serie 1 Aluminium 42 MM;16;Silver;Grade A;0
91-BAS1110;78260;Apple Watch Serie 2 Aluminium (sport) 38 MM;16;Silver;Grade C;0
91-BAS1305;78255;Apple Watch Serie 2 Aluminium (sport) 42 MM;16;Silver;Grade C;14
91-ECO1111;78256;Apple Watch Serie 2 Aluminium (sport) 42 MM;16;Silver;Grade D;3
91-ECO1306;78261;Apple Watch Serie 2 Aluminium (sport) 38 MM;16;Silver;Grade D;0
91-MED1109;78259;Apple Watch Serie 2 Aluminium (sport) 38 MM;16;Silver;Grade B;0
91-MED1304;78254;Apple Watch Serie 2 Aluminium (sport) 42 MM;16;Silver;Grade B;0
91-PRE1108;78257;Apple Watch Serie 2 Aluminium (sport) 38 MM;16;Silver;Grade A;0
91-PRE1307;78253;Apple Watch Serie 2 Aluminium (sport) 42 MM;16;Silver;Grade A;0
92-BAS1114;78270;Apple Watch Serie 2 Nike + 38 MM;16;Black;Grade C;0
92-BAS1301;78275;Apple Watch Serie 2 Nike + 42 MM;16;Black;Grade C;0
92-ECO1115;78271;Apple Watch Serie 2 Nike + 38 MM;16;Black;Grade D;0
92-ECO1302;78276;Apple Watch Serie 2 Nike + 42 MM;16;Black;Grade D;0
92-MED1113;78269;Apple Watch Serie 2 Nike + 38 MM;16;Black;Grade B;0
92-MED1300;78274;Apple Watch Serie 2 Nike + 42 MM;16;Black;Grade B;0
92-PRE1112;78268;Apple Watch Serie 2 Nike + 38 MM;16;Black;Grade A;0
92-PRE1303;78273;Apple Watch Serie 2 Nike + 42 MM;16;Black;Grade A;0
94-BAS1118;78250;Apple Watch Serie 2 stainless steel 38 MM;16;Silver;Grade C;15
94-BAS1297;78265;Apple Watch Serie 2 stainless steel 42MM;16;Silver;Grade C;17
94-ECO1119;78251;Apple Watch Serie 2 stainless steel 38 MM;16;Silver;Grade D;5
94-ECO1298;78266;Apple Watch Serie 2 stainless steel 42MM;16;Silver;Grade D;2
94-MED1117;78249;Apple Watch Serie 2 stainless steel 38 MM;16;Silver;Grade B;0
94-MED1296;78264;Apple Watch Serie 2 stainless steel 42MM;16;Silver;Grade B;0
94-PRE1116;78248;Apple Watch Serie 2 stainless steel 38 MM;16;Silver;Grade A;0
94-PRE1299;78263;Apple Watch Serie 2 stainless steel 42MM;16;Silver;Grade A;0
95-BAS1122;78220;Apple Watch 1st Generation Aluminium (sport) 38 MM;16;Silver;Grade C;0
95-BAS1293;78225;Apple Watch 1st Generation Aluminium (sport) 42 MM;16;Silver;Grade C;0
95-ECO1123;78221;Apple Watch 1st Generation Aluminium (sport) 38 MM;16;Silver;Grade D;0
95-ECO1294;78226;Apple Watch 1st Generation Aluminium (sport) 42 MM;16;Silver;Grade D;0
95-MED1121;78219;Apple Watch 1st Generation Aluminium (sport) 38 MM;16;Silver;Grade B;0
95-MED1292;78224;Apple Watch 1st Generation Aluminium (sport) 42 MM;16;Silver;Grade B;0
95-PRE1120;78218;Apple Watch 1st Generation Aluminium (sport) 38 MM;16;Silver;Grade A;0
95-PRE1295;78223;Apple Watch 1st Generation Aluminium (sport) 42 MM;16;Silver;Grade A;0
96-BAS1126;78230;Apple Watch 1st Generation Stainless Steel 38 MM;16;Silver;Grade C;0
96-BAS1289;78235;Apple Watch 1st Generation Stainless Steel 42 MM;16;Silver;Grade C;0
96-ECO1127;78231;Apple Watch 1st Generation Stainless Steel 38 MM;16;Silver;Grade D;3
96-ECO1290;78236;Apple Watch 1st Generation Stainless Steel 42 MM;16;Silver;Grade D;12
96-MED1125;78229;Apple Watch 1st Generation Stainless Steel 38 MM;16;Silver;Grade B;0
96-MED1288;78234;Apple Watch 1st Generation Stainless Steel 42 MM;16;Silver;Grade B;0
96-PRE1124;78228;Apple Watch 1st Generation Stainless Steel 38 MM;16;Silver;Grade A;0
96-PRE1291;78233;Apple Watch 1st Generation Stainless Steel 42 MM;16;Silver;Grade A;0
